-- MySQL dump 10.14  Distrib 5.5.35-MariaDB, for Linux (x86_64)
--
-- Host: sql2.lab.ic.unicamp.br    Database: mc536db07
-- ------------------------------------------------------
-- Server version	5.0.77

/*!40101 SET @OLD_CHARACTER_SET_CLIENT=@@CHARACTER_SET_CLIENT */;
/*!40101 SET @OLD_CHARACTER_SET_RESULTS=@@CHARACTER_SET_RESULTS */;
/*!40101 SET @OLD_COLLATION_CONNECTION=@@COLLATION_CONNECTION */;
/*!40101 SET NAMES utf8 */;
/*!40103 SET @OLD_TIME_ZONE=@@TIME_ZONE */;
/*!40103 SET TIME_ZONE='+00:00' */;
/*!40014 SET @OLD_UNIQUE_CHECKS=@@UNIQUE_CHECKS, UNIQUE_CHECKS=0 */;
/*!40014 SET @OLD_FOREIGN_KEY_CHECKS=@@FOREIGN_KEY_CHECKS, FOREIGN_KEY_CHECKS=0 */;
/*!40101 SET @OLD_SQL_MODE=@@SQL_MODE, SQL_MODE='NO_AUTO_VALUE_ON_ZERO' */;
/*!40111 SET @OLD_SQL_NOTES=@@SQL_NOTES, SQL_NOTES=0 */;

--
-- Not dumping tablespaces as no INFORMATION_SCHEMA.FILES table on this server
--

--
-- Table structure for table `ArtistGenre`
--

DROP TABLE IF EXISTS `ArtistGenre`;
/*!40101 SET @saved_cs_client     = @@character_set_client */;
/*!40101 SET character_set_client = utf8 */;
CREATE TABLE `ArtistGenre` (
  `id` int(11) NOT NULL auto_increment,
  `artist_id` int(11) NOT NULL,
  `genre_id` int(11) NOT NULL,
  PRIMARY KEY  (`id`),
  UNIQUE KEY `artist_id` (`artist_id`,`genre_id`),
  KEY `genre_id` (`genre_id`)
) ENGINE=MyISAM AUTO_INCREMENT=1137 DEFAULT CHARSET=latin1;
/*!40101 SET character_set_client = @saved_cs_client */;

--
-- Dumping data for table `ArtistGenre`
--

LOCK TABLES `ArtistGenre` WRITE;
/*!40000 ALTER TABLE `ArtistGenre` DISABLE KEYS */;
INSERT INTO `ArtistGenre` VALUES (1,245,1),(2,245,2),(3,280,3),(4,187,4),(5,187,5),(6,187,6),(7,187,7),(8,187,8),(9,73,3),(10,188,9),(11,237,10),(12,237,4),(13,189,11),(14,189,12),(15,189,13),(16,189,14),(17,246,1),(18,246,15),(19,29,16),(20,29,17),(21,29,18),(22,106,16),(23,106,17),(24,106,18),(25,173,16),(26,173,17),(27,173,18),(28,1,19),(29,1,3),(30,1,20),(31,1,16),(32,1,21),(33,369,16),(34,369,17),(35,369,18),(36,39,16),(37,39,17),(38,39,22),(39,190,3),(40,190,23),(41,190,24),(42,190,25),(43,55,3),(44,55,26),(45,55,19),(46,55,27),(47,298,28),(48,298,29),(49,298,30),(50,298,3),(51,247,1),(52,247,31),(53,63,32),(54,63,33),(55,63,22),(56,299,34),(57,299,28),(58,299,35),(59,299,36),(60,281,34),(61,281,28),(62,281,35),(63,281,36),(64,248,37),(65,248,31),(66,249,1),(67,249,15),(68,250,1),(69,250,38),(70,107,39),(71,107,40),(72,107,22),(73,107,41),(74,107,42),(75,220,39),(76,220,40),(77,220,22),(78,220,41),(79,220,42),(80,129,28),(81,129,36),(82,129,43),(83,129,30),(84,282,28),(85,282,44),(86,282,29),(87,282,30),(88,9,28),(89,9,44),(90,9,29),(91,9,30),(92,124,1),(93,124,31),(94,124,15),(95,124,45),(96,251,45),(97,251,1),(98,251,46),(99,40,16),(100,40,32),(101,40,3),(102,40,47),(103,108,39),(104,108,48),(105,108,22),(106,108,16),(107,372,22),(108,372,16),(109,41,45),(110,41,49),(111,41,50),(112,191,51),(113,191,19),(114,191,3),(115,21,52),(116,21,53),(117,21,54),(118,300,28),(119,300,30),(120,192,11),(121,192,19),(122,192,55),(123,192,56),(124,65,16),(125,65,17),(126,65,22),(127,130,24),(128,130,22),(129,130,32),(130,130,57),(131,130,58),(132,130,59),(133,64,16),(134,64,17),(135,181,60),(136,181,61),(137,181,62),(138,181,63),(139,181,64),(140,181,65),(141,109,66),(142,109,11),(143,301,28),(144,301,67),(145,301,29),(146,301,68),(147,302,3),(148,302,27),(149,302,69),(150,302,70),(151,302,71),(152,302,72),(153,302,73),(154,302,74),(155,302,75),(156,302,76),(157,131,16),(158,131,77),(159,284,29),(160,284,17),(161,284,28),(162,133,22),(163,133,78),(164,133,79),(165,74,22),(166,110,39),(167,110,80),(168,110,40),(169,110,48),(170,221,51),(171,221,3),(172,221,81),(173,215,66),(174,215,82),(175,215,83),(176,215,84),(177,215,65),(178,222,57),(179,222,85),(180,222,86),(181,285,28),(182,285,87),(183,285,88),(184,285,35),(185,285,3),(186,285,17),(187,303,89),(188,303,87),(189,303,90),(190,42,66),(191,42,16),(192,42,91),(193,304,92),(194,304,50),(195,304,93),(196,304,94),(197,304,95),(198,304,96),(199,304,4),(200,57,97),(201,57,98),(202,57,99),(203,306,3),(204,306,29),(205,306,100),(206,306,47),(207,287,28),(208,287,10),(209,287,6),(210,287,101),(211,287,102),(212,287,103),(213,287,104),(214,75,105),(215,75,3),(216,75,76),(217,75,23),(218,308,28),(219,308,106),(220,308,107),(221,276,87),(222,276,44),(223,276,108),(224,276,19),(225,276,4),(226,276,109),(227,276,110),(228,276,111),(229,125,81),(230,125,112),(231,125,47),(232,125,113),(233,125,114),(234,125,3),(235,125,19),(236,357,70),(237,357,115),(238,358,116),(239,223,97),(240,223,98),(241,223,117),(242,153,118),(243,228,55),(244,228,11),(245,228,9),(246,228,5),(247,43,32),(248,43,33),(249,43,3),(250,43,22),(251,43,16),(252,43,44),(253,58,3),(254,58,75),(255,58,97),(256,22,119),(257,22,120),(258,22,11),(259,76,3),(260,76,121),(261,174,3),(262,174,121),(263,309,28),(264,77,16),(265,77,26),(266,77,32),(267,193,35),(268,193,122),(269,193,4),(270,193,123),(271,193,102),(272,193,124),(273,305,28),(274,305,10),(275,305,6),(276,305,101),(277,305,102),(278,305,103),(279,305,104),(280,310,125),(281,44,92),(282,252,1),(283,229,2),(284,359,66),(285,359,126),(286,359,127),(287,359,87),(288,359,128),(289,359,47),(290,359,19),(291,359,3),(292,359,26),(293,23,45),(294,23,50),(295,23,27),(296,175,16),(297,175,22),(298,175,17),(299,175,20),(300,311,28),(301,311,129),(302,311,99),(303,312,27),(304,312,130),(305,238,66),(306,238,17),(307,111,40),(308,111,20),(309,111,16),(310,253,66),(311,112,16),(312,112,22),(313,113,39),(314,113,91),(315,113,22),(316,254,131),(317,254,132),(318,254,36),(319,254,20),(320,254,19),(321,254,108),(322,24,9),(323,182,20),(324,182,87),(325,182,40),(326,182,105),(327,176,133),(328,176,134),(329,176,135),(330,45,66),(331,45,17),(332,45,44),(333,45,16),(334,45,83),(335,66,136),(336,195,51),(337,59,118),(338,255,1),(339,255,50),(340,216,66),(341,216,83),(342,216,17),(343,216,19),(344,216,108),(345,46,28),(346,46,125),(347,46,90),(348,46,36),(349,46,137),(350,231,9),(351,231,49),(352,231,138),(353,78,3),(354,78,26),(355,78,16),(356,114,125),(357,114,3),(358,114,104),(359,114,139),(360,114,140),(361,115,28),(362,115,30),(363,115,141),(364,313,28),(365,313,30),(366,313,141),(367,354,28),(368,354,142),(369,354,17),(370,354,3),(371,239,22),(372,239,143),(373,239,16),(374,256,1),(375,256,144),(376,168,32),(377,168,16),(378,168,22),(379,168,26),(380,168,145),(381,79,66),(382,79,3),(383,79,19),(384,79,23),(385,2,3),(386,2,27),(387,2,146),(388,2,122),(389,290,16),(390,290,22),(391,290,17),(392,60,16),(393,60,22),(394,60,17),(395,373,16),(396,373,22),(397,373,17),(398,155,118),(399,155,147),(400,314,19),(401,314,108),(402,224,148),(403,224,149),(404,47,49),(405,47,45),(406,47,50),(407,47,150),(408,47,151),(409,137,152),(410,137,24),(411,30,39),(412,30,80),(413,30,22),(414,138,22),(415,138,39),(416,138,153),(417,138,40),(418,10,3),(419,315,28),(420,315,30),(421,315,3),(422,80,23),(423,80,76),(424,80,3),(425,80,105),(426,31,22),(427,316,89),(428,316,28),(429,139,44),(430,139,16),(431,139,83),(432,139,154),(433,361,84),(434,361,18),(435,361,65),(436,360,155),(437,360,156),(438,360,157),(439,360,158),(440,360,159),(441,257,1),(442,258,148),(443,258,160),(444,258,161),(445,258,70),(446,184,19),(447,184,162),(448,184,163),(449,156,118),(450,259,1),(451,232,105),(452,232,19),(453,232,3),(454,232,47),(455,232,162),(456,232,164),(457,260,66),(458,260,127),(459,260,20),(460,260,16),(461,260,108),(462,317,28),(463,317,10),(464,317,3),(465,317,29),(466,317,30),(467,317,4),(468,320,28),(469,320,30),(470,321,28),(471,81,20),(472,81,16),(473,32,20),(474,32,32),(475,322,28),(476,322,44),(477,322,140),(478,322,165),(479,322,6),(480,197,11),(481,197,4),(482,197,5),(483,197,35),(484,197,9),(485,323,9),(486,323,166),(487,324,125),(488,324,89),(489,217,20),(490,217,127),(491,217,34),(492,217,16),(493,82,16),(494,82,22),(495,198,16),(496,198,22),(497,225,42),(498,140,153),(499,141,167),(500,157,118),(501,370,16),(502,370,17),(503,370,87),(504,83,16),(505,83,17),(506,83,87),(507,158,105),(508,158,3),(509,158,23),(510,158,76),(511,158,10),(512,158,87),(513,84,105),(514,84,3),(515,84,23),(516,84,76),(517,84,10),(518,84,87),(519,25,3),(520,25,145),(521,25,112),(522,325,3),(523,325,28),(524,325,125),(525,85,58),(526,85,16),(527,85,32),(528,85,34),(529,326,162),(530,326,28),(531,326,3),(532,326,142),(533,11,3),(534,11,28),(535,11,97),(536,11,168),(537,160,97),(538,160,66),(539,160,57),(540,160,99),(541,160,169),(542,160,35),(543,261,170),(544,261,17),(545,261,16),(546,261,171),(547,261,172),(548,261,173),(549,142,170),(550,142,17),(551,142,16),(552,142,171),(553,142,172),(554,142,173),(555,327,4),(556,327,174),(557,327,28),(558,327,72),(559,355,9),(560,86,175),(561,262,1),(562,48,19),(563,48,3),(564,169,24),(565,169,22),(566,169,176),(567,169,23),(568,169,177),(569,49,19),(570,49,3),(571,49,26),(572,240,178),(573,240,9),(574,240,179),(575,240,180),(576,356,66),(577,356,57),(578,356,10),(579,201,22),(580,201,153),(581,33,22),(582,33,153),(583,328,44),(584,328,140),(585,328,125),(586,328,4),(587,328,104),(588,144,70),(589,144,156),(590,144,115),(591,144,181),(592,144,158),(593,144,127),(594,144,182),(595,144,183),(596,144,184),(597,144,185),(598,145,24),(599,218,27),(600,218,2),(601,218,186),(602,218,72),(603,218,3),(604,218,6),(605,218,187),(606,116,22),(607,116,16),(608,116,80),(609,116,18),(610,12,3),(611,12,188),(612,12,165),(613,12,131),(614,12,40),(615,177,66),(616,219,66),(617,219,87),(618,219,172),(619,219,34),(620,219,16),(621,263,49),(622,263,45),(623,263,151),(624,329,28),(625,329,189),(626,329,67),(627,50,26),(628,50,16),(629,50,3),(630,50,22),(631,50,19),(632,3,3),(633,3,20),(634,3,16),(635,3,190),(636,3,19),(637,3,22),(638,185,191),(639,13,192),(640,13,193),(641,13,3),(642,13,35),(643,13,194),(644,117,3),(645,117,33),(646,14,3),(647,14,33),(648,51,66),(649,51,195),(650,51,3),(651,264,31),(652,264,196),(653,264,197),(654,241,198),(655,241,16),(656,241,19),(657,241,199),(658,241,40),(659,241,145),(660,241,152),(661,330,125),(662,330,89),(663,330,28),(664,331,11),(665,331,19),(666,331,163),(667,4,3),(668,4,19),(669,4,112),(670,4,200),(671,4,192),(672,4,201),(673,203,22),(674,203,16),(675,87,22),(676,87,16),(677,61,202),(678,61,112),(679,61,3),(680,61,203),(681,61,47),(682,61,204),(683,61,34),(684,34,40),(685,34,20),(686,204,3),(687,204,19),(688,204,90),(689,204,51),(690,204,4),(691,204,205),(692,146,79),(693,146,153),(694,146,22),(695,146,206),(696,146,91),(697,35,3),(698,35,51),(699,35,207),(700,35,162),(701,332,104),(702,332,4),(703,332,139),(704,332,2),(705,178,117),(706,5,66),(707,5,11),(708,5,208),(709,5,27),(710,265,1),(711,88,3),(712,88,33),(713,88,16),(714,205,3),(715,205,4),(716,205,10),(717,52,20),(718,52,44),(719,52,36),(720,52,17),(721,226,3),(722,15,3),(723,206,51),(724,206,162),(725,206,207),(726,36,40),(727,36,209),(728,36,152),(729,36,25),(730,16,3),(731,16,77),(732,118,66),(733,6,66),(734,333,66),(735,333,17),(736,333,29),(737,333,3),(738,333,87),(739,17,3),(740,17,34),(741,17,35),(742,89,210),(743,89,32),(744,374,211),(745,374,193),(746,119,23),(747,170,210),(748,170,32),(749,90,105),(750,90,18),(751,90,17),(752,90,44),(753,90,212),(754,90,172),(755,90,87),(756,90,213),(757,90,97),(758,90,214),(759,90,215),(760,362,216),(761,362,154),(762,362,217),(763,362,99),(764,362,83),(765,362,218),(766,362,18),(767,362,70),(768,362,219),(769,362,84),(770,362,11),(771,362,65),(772,362,220),(773,334,11),(774,53,47),(775,53,3),(776,53,58),(777,53,112),(778,235,47),(779,235,3),(780,235,58),(781,235,112),(782,120,66),(783,120,17),(784,120,154),(785,120,16),(786,120,83),(787,162,11),(788,162,56),(789,162,108),(790,162,221),(791,163,222),(792,163,223),(793,163,224),(794,163,225),(795,266,45),(796,266,1),(797,266,50),(798,266,151),(799,294,11),(800,294,19),(801,294,163),(802,294,54),(803,208,25),(804,208,207),(805,208,3),(806,208,226),(807,91,22),(808,91,16),(809,242,22),(810,242,16),(811,375,22),(812,375,16),(813,171,153),(814,171,167),(815,171,79),(816,67,200),(817,67,3),(818,92,23),(819,363,87),(820,363,130),(821,363,108),(822,363,227),(823,267,46),(824,267,228),(825,267,15),(826,267,31),(827,164,3),(828,164,57),(829,164,85),(830,164,28),(831,164,105),(832,147,153),(833,147,80),(834,367,3),(835,367,162),(836,367,121),(837,367,28),(838,121,39),(839,121,48),(840,121,40),(841,68,33),(842,68,22),(843,68,32),(844,68,3),(845,7,20),(846,7,229),(847,7,131),(848,7,36),(849,7,40),(850,7,48),(851,7,41),(852,69,3),(853,69,16),(854,69,33),(855,69,26),(856,69,32),(857,172,230),(858,172,24),(859,172,58),(860,172,81),(861,210,23),(862,210,51),(863,210,231),(864,210,3),(865,210,32),(866,268,66),(867,268,11),(868,268,20),(869,268,36),(870,278,32),(871,278,20),(872,278,232),(873,368,32),(874,368,20),(875,368,232),(876,211,11),(877,211,4),(878,211,19),(879,211,187),(880,211,233),(881,211,35),(882,211,53),(883,148,44),(884,148,234),(885,148,140),(886,149,17),(887,149,170),(888,364,17),(889,364,16),(890,364,44),(891,364,235),(892,364,154),(893,364,87),(894,8,66),(895,8,11),(896,18,29),(897,18,17),(898,18,28),(899,94,26),(900,94,3),(901,335,28),(902,335,29),(903,335,23),(904,335,67),(905,365,190),(906,365,236),(907,365,3),(908,365,10),(909,365,76),(910,122,44),(911,122,17),(912,122,212),(913,122,16),(914,122,21),(915,336,28),(916,336,23),(917,336,3),(918,338,140),(919,338,34),(920,338,165),(921,338,237),(922,338,3),(923,338,238),(924,338,76),(925,123,3),(926,123,26),(927,123,16),(928,339,28),(929,339,142),(930,339,17),(931,339,3),(932,95,3),(933,95,28),(934,95,239),(935,95,240),(936,95,10),(937,95,30),(938,340,28),(939,340,29),(940,340,241),(941,340,30),(942,340,67),(943,340,242),(944,340,243),(945,19,28),(946,19,195),(947,19,3),(948,19,125),(949,341,28),(950,341,3),(951,341,90),(952,341,131),(953,341,244),(954,341,195),(955,350,28),(956,350,245),(957,350,30),(958,366,87),(959,366,234),(960,366,246),(961,54,23),(962,54,51),(963,54,3),(964,342,28),(965,342,3),(966,343,3),(967,98,66),(968,98,10),(969,98,76),(970,98,114),(971,98,23),(972,96,66),(973,96,17),(974,96,154),(975,96,16),(976,96,83),(977,345,28),(978,345,3),(979,345,76),(980,344,28),(981,344,125),(982,344,53),(983,344,247),(984,344,4),(985,38,40),(986,38,209),(987,38,28),(988,38,232),(989,212,3),(990,212,125),(991,346,28),(992,346,30),(993,346,29),(994,20,28),(995,20,245),(996,20,30),(997,269,248),(998,269,99),(999,213,3),(1000,213,25),(1001,347,28),(1002,347,30),(1003,348,28),(1004,348,30),(1005,348,249),(1006,348,125),(1007,349,66),(1008,349,76),(1009,349,10),(1010,349,103),(1011,97,3),(1012,97,142),(1013,97,100),(1014,97,241),(1015,97,17),(1016,270,66),(1017,270,16),(1018,270,36),(1019,270,162),(1020,270,44),(1021,295,125),(1022,295,237),(1023,99,16),(1024,99,17),(1025,70,3),(1026,70,26),(1027,70,162),(1028,271,1),(1029,271,45),(1030,271,49),(1031,126,1),(1032,126,45),(1033,126,49),(1034,272,97),(1035,272,99),(1036,272,178),(1037,272,248),(1038,272,98),(1039,272,66),(1040,272,70),(1041,165,3),(1042,165,76),(1043,165,19),(1044,165,10),(1045,100,3),(1046,100,76),(1047,100,19),(1048,100,10),(1049,243,98),(1050,243,250),(1051,243,117),(1052,243,251),(1053,180,98),(1054,180,250),(1055,180,117),(1056,180,251),(1057,71,32),(1058,71,36),(1059,71,40),(1060,71,20),(1061,166,3),(1062,166,252),(1063,166,34),(1064,166,19),(1065,166,97),(1066,227,253),(1067,227,42),(1068,101,22),(1069,101,16),(1070,101,254),(1071,296,28),(1072,296,103),(1073,296,4),(1074,296,30),(1075,102,66),(1076,102,3),(1077,102,76),(1078,273,255),(1079,273,45),(1080,273,50),(1081,214,55),(1082,214,99),(1083,214,11),(1084,214,9),(1085,214,5),(1086,297,28),(1087,297,125),(1088,297,90),(1089,297,256),(1090,103,16),(1091,103,22),(1092,72,16),(1093,274,50),(1094,274,45),(1095,274,1),(1096,351,3),(1097,351,162),(1098,351,51),(1099,351,207),(1100,351,28),(1101,104,16),(1102,104,17),(1103,104,22),(1104,352,30),(1105,352,28),(1106,352,190),(1107,353,3),(1108,353,142),(1109,353,100),(1110,353,241),(1111,353,17),(1112,127,22),(1113,127,40),(1114,127,39),(1115,127,80),(1116,127,48),(1117,127,91),(1118,105,20),(1119,105,131),(1120,105,36),(1121,105,44),(1122,105,34),(1123,27,19),(1124,27,22),(1125,128,11),(1126,128,66),(1127,28,50),(1128,28,45),(1129,28,257),(1130,28,8),(1131,167,118),(1132,167,84),(1133,275,258),(1134,275,17),(1135,275,16),(1136,275,171);
/*!40000 ALTER TABLE `ArtistGenre` ENABLE KEYS */;
UNLOCK TABLES;

--
-- Table structure for table `Blocks`
--

DROP TABLE IF EXISTS `Blocks`;
/*!40101 SET @saved_cs_client     = @@character_set_client */;
/*!40101 SET character_set_client = utf8 */;
CREATE TABLE `Blocks` (
  `id` int(11) NOT NULL auto_increment,
  `blocker_id` int(11) NOT NULL,
  `blocked_id` int(11) NOT NULL,
  `block_reason` int(11) NOT NULL,
  `block_reason_other` varchar(200) default NULL,
  PRIMARY KEY  (`id`),
  KEY `blocker_id` (`blocker_id`),
  KEY `blocked_id` (`blocked_id`)
) ENGINE=MyISAM DEFAULT CHARSET=latin1;
/*!40101 SET character_set_client = @saved_cs_client */;

--
-- Dumping data for table `Blocks`
--

LOCK TABLES `Blocks` WRITE;
/*!40000 ALTER TABLE `Blocks` DISABLE KEYS */;
/*!40000 ALTER TABLE `Blocks` ENABLE KEYS */;
UNLOCK TABLES;

--
-- Table structure for table `City`
--

DROP TABLE IF EXISTS `City`;
/*!40101 SET @saved_cs_client     = @@character_set_client */;
/*!40101 SET character_set_client = utf8 */;
CREATE TABLE `City` (
  `id` int(11) NOT NULL auto_increment,
  `city_name` varchar(40) default NULL,
  `country_id` int(11) default NULL,
  `resource` varchar(200) default NULL,
  PRIMARY KEY  (`id`),
  UNIQUE KEY `city_name` (`city_name`),
  UNIQUE KEY `resource` (`resource`),
  KEY `country_id` (`country_id`)
) ENGINE=MyISAM AUTO_INCREMENT=107 DEFAULT CHARSET=latin1;
/*!40101 SET character_set_client = @saved_cs_client */;

--
-- Dumping data for table `City`
--

LOCK TABLES `City` WRITE;
/*!40000 ALTER TABLE `City` DISABLE KEYS */;
INSERT INTO `City` VALUES (1,'Oslo',1,'http://dbpedia.org/resource/Oslo'),(2,'City of Bridgeport',2,'http://dbpedia.org/resource/Bridgeport,_Connecticut'),(3,'Município de Belo Horizonte',3,'http://dbpedia.org/resource/Belo_Horizonte'),(4,'State of Minas Gerais',3,'http://dbpedia.org/resource/Minas_Gerais'),(5,'Oklahoma City',2,'http://dbpedia.org/resource/Oklahoma_City'),(6,'London',4,'http://dbpedia.org/resource/London'),(7,'Leyton',4,'http://dbpedia.org/resource/Leyton'),(8,'Perth',5,'http://dbpedia.org/resource/Perth'),(9,'Göteborg',6,'http://dbpedia.org/resource/Gothenburg'),(10,'Bergen',1,'http://dbpedia.org/resource/Bergen'),(11,'Los Angeles',2,'http://dbpedia.org/resource/Los_Angeles'),(12,'City of Tampa',2,'http://dbpedia.org/resource/Tampa,_Florida'),(13,'City of Atlanta',2,'http://dbpedia.org/resource/Atlanta'),(14,'Uberlândia',3,'http://dbpedia.org/resource/Uberl%C3%A2ndia'),(15,'Kings County',2,'http://dbpedia.org/resource/Brooklyn'),(16,'Paris',7,'http://dbpedia.org/resource/Paris'),(17,'City of Orlando',2,'http://dbpedia.org/resource/Orlando,_Florida'),(18,'Bilfawst or Bilfaust',4,'http://dbpedia.org/resource/Belfast'),(19,'Melbourne',5,'http://dbpedia.org/resource/Melbourne'),(20,'City of Houston',2,'http://dbpedia.org/resource/Houston'),(21,'Município do Rio de Janeiro',3,'http://dbpedia.org/resource/Rio_de_Janeiro'),(22,'State of Rio de Janeiro',3,'http://dbpedia.org/resource/Rio_de_Janeiro_(state)'),(23,'Hibbing, Minnesota',2,'http://dbpedia.org/resource/Hibbing,_Minnesota'),(24,'State of São Paulo',3,'http://dbpedia.org/resource/S%C3%A3o_Paulo_(state)'),(25,'Santos',3,'http://dbpedia.org/resource/Santos,_S%C3%A3o_Paulo'),(26,'The Hague',8,'http://dbpedia.org/resource/The_Hague'),(27,'Miami',2,'http://dbpedia.org/resource/Miami'),(28,'Aberdeen, Washington',2,'http://dbpedia.org/resource/Aberdeen,_Washington'),(29,'Town of Oyster Bay',2,'http://dbpedia.org/resource/Oyster_Bay_(town),_New_York'),(30,'City of Newport Beach',2,'http://dbpedia.org/resource/Newport_Beach,_California'),(31,'Seattle',2,'http://dbpedia.org/resource/Seattle'),(32,'Keflavík',9,'http://dbpedia.org/resource/Keflav%C3%ADk'),(33,'Garðabær',9,'http://dbpedia.org/resource/Gar%C3%B0ab%C3%A6r'),(34,'Escatawpa, Mississippi',2,'http://dbpedia.org/resource/Escatawpa,_Mississippi'),(35,'San Diego, California',2,'http://dbpedia.org/resource/San_Diego'),(36,'Dublin',10,'http://dbpedia.org/resource/Dublin'),(37,'Las Vegas',2,'http://dbpedia.org/resource/Las_Vegas'),(38,'O Município do Porto Alegre',3,'http://dbpedia.org/resource/Porto_Alegre'),(39,'Hannover',11,'http://dbpedia.org/resource/Hanover'),(40,'Leeds',4,'http://dbpedia.org/resource/Leeds'),(41,'Varginha',3,'http://dbpedia.org/resource/Varginha'),(42,'Koudekerk aan den Rijn',8,'http://dbpedia.org/resource/Koudekerk_aan_den_Rijn'),(43,'Goiânia, Brazil',3,'http://dbpedia.org/resource/Goi%C3%A2nia'),(44,'State of Goiás',3,'http://dbpedia.org/resource/Goi%C3%A1s'),(45,'City of Rancho Santa Margarita',2,'http://dbpedia.org/resource/Rancho_Santa_Margarita,_California'),(46,'Montreal',12,'http://dbpedia.org/resource/Montreal'),(47,'Brighton',4,'http://dbpedia.org/resource/Brighton'),(48,'Krefeld',11,'http://dbpedia.org/resource/Krefeld'),(49,'Hanna',12,'http://dbpedia.org/resource/Hanna,_Alberta'),(50,'Middletown, Connecticut',2,'http://dbpedia.org/resource/Middletown,_Connecticut'),(51,'City of Philadelphia',2,'http://dbpedia.org/resource/Philadelphia'),(52,'Antibes',7,'http://dbpedia.org/resource/Antibes'),(53,'Forest Hills',2,'http://dbpedia.org/resource/Forest_Hills,_Queens'),(54,'City of Ruston',2,'http://dbpedia.org/resource/Ruston,_Louisiana'),(55,'St Kilda',5,'http://dbpedia.org/resource/St_Kilda,_Victoria'),(56,'City of Boston',2,'http://dbpedia.org/resource/Boston'),(57,'Glasgow',13,'http://dbpedia.org/resource/Glasgow'),(58,'Stratford',12,'http://dbpedia.org/resource/Stratford,_Ontario'),(59,'City of Winnipeg',12,'http://dbpedia.org/resource/Winnipeg'),(60,'Crouch End',4,'http://dbpedia.org/resource/Crouch_End'),(61,'State of Pará',3,'http://dbpedia.org/resource/Par%C3%A1'),(62,'GUARULHOS',3,'http://dbpedia.org/resource/Guarulhos'),(63,'Jacksonville',2,'http://dbpedia.org/resource/Jacksonville,_Florida'),(64,'Brasília',3,'http://dbpedia.org/resource/Bras%C3%ADlia'),(65,'Distrito Federal',3,'http://dbpedia.org/resource/Federal_District_(Brazil)'),(66,'Darien, Connecticut',2,'http://dbpedia.org/resource/Darien,_Connecticut'),(67,'State of Rio Grande do Sul',3,'http://dbpedia.org/resource/Rio_Grande_do_Sul'),(68,'The Municipality of Ijuí',3,'http://dbpedia.org/resource/Iju%C3%AD'),(69,'Akron',2,'http://dbpedia.org/resource/Akron,_Ohio'),(70,'Cleveland',2,'http://dbpedia.org/resource/Cleveland'),(71,'City of Little Rock, Arkansas',2,'http://dbpedia.org/resource/Little_Rock,_Arkansas'),(72,'Topeka, Kansas',2,'http://dbpedia.org/resource/Topeka,_Kansas'),(73,'City of Macon',2,'http://dbpedia.org/resource/Macon,_Georgia'),(74,'District of Columbia',2,'http://dbpedia.org/resource/Washington,_D.C.'),(75,'City of Toronto',12,'http://dbpedia.org/resource/Toronto'),(76,'Dùn Dè',14,'http://dbpedia.org/resource/Dundee'),(77,'San Francisco',2,'http://dbpedia.org/resource/San_Francisco'),(78,'City of Austin',2,'http://dbpedia.org/resource/Austin,_Texas'),(79,'Ealing',4,'http://dbpedia.org/resource/Ealing'),(80,'Ville d\'Ottawa',12,'http://dbpedia.org/resource/Ottawa'),(81,'Eau Claire, Wisconsin',2,'http://dbpedia.org/resource/Eau_Claire,_Wisconsin'),(82,'Stockholm',6,'http://dbpedia.org/resource/Stockholm'),(83,'Abingdon-on-Thames',4,'http://dbpedia.org/resource/Abingdon-on-Thames'),(84,'Cambridge, Massachusetts',2,'http://dbpedia.org/resource/Cambridge,_Massachusetts'),(85,'Wilmette, Illinois',2,'http://dbpedia.org/resource/Wilmette,_Illinois'),(86,'City of Palm Desert',2,'http://dbpedia.org/resource/Palm_Desert,_California'),(87,'Tallahassee',2,'http://dbpedia.org/resource/Tallahassee,_Florida'),(88,'Versailles',7,'http://dbpedia.org/resource/Versailles_(city)'),(89,'Freie und Hansestadt Hamburg',11,'http://dbpedia.org/resource/Hamburg'),(90,'Greenville, Florida',2,'http://dbpedia.org/resource/Greenville,_Florida'),(91,'Eschwege',11,'http://dbpedia.org/resource/Eschwege'),(92,'Teignmouth',15,'http://dbpedia.org/resource/Teignmouth'),(93,'City of Detroit',2,'http://dbpedia.org/resource/Detroit'),(94,'Bowling Green, Kentucky',2,'http://dbpedia.org/resource/Bowling_Green,_Kentucky'),(95,'Eskilstuna',6,'http://dbpedia.org/resource/Eskilstuna'),(96,'Town of Whitby',12,'http://dbpedia.org/resource/Whitby,_Ontario'),(97,'City of Ukiah',2,'http://dbpedia.org/resource/Ukiah,_California'),(98,'Ajax',12,'http://dbpedia.org/resource/Ajax,_Ontario'),(99,'County Down',4,'http://dbpedia.org/resource/County_Down'),(100,'Donaghadee',4,'http://dbpedia.org/resource/Donaghadee'),(101,'Bangor',16,'http://dbpedia.org/resource/Bangor,_County_Down'),(102,'Buffalo, New York',2,'http://dbpedia.org/resource/Buffalo,_New_York'),(103,'??',17,'http://dbpedia.org/resource/Seoul'),(104,'Hertford',4,'http://dbpedia.org/resource/Hertford'),(105,'Flushing',2,'http://dbpedia.org/resource/Flushing,_Queens'),(106,'Wakefield',18,'http://dbpedia.org/resource/Wakefield');
/*!40000 ALTER TABLE `City` ENABLE KEYS */;
UNLOCK TABLES;

--
-- Table structure for table `Country`
--

DROP TABLE IF EXISTS `Country`;
/*!40101 SET @saved_cs_client     = @@character_set_client */;
/*!40101 SET character_set_client = utf8 */;
CREATE TABLE `Country` (
  `id` int(11) NOT NULL auto_increment,
  `country_name` varchar(40) default NULL,
  `resource` varchar(200) default NULL,
  PRIMARY KEY  (`id`),
  UNIQUE KEY `resource` (`resource`),
  UNIQUE KEY `country_name` (`country_name`)
) ENGINE=MyISAM AUTO_INCREMENT=19 DEFAULT CHARSET=latin1;
/*!40101 SET character_set_client = @saved_cs_client */;

--
-- Dumping data for table `Country`
--

LOCK TABLES `Country` WRITE;
/*!40000 ALTER TABLE `Country` DISABLE KEYS */;
INSERT INTO `Country` VALUES (1,'Norway','http://dbpedia.org/resource/Norway'),(2,'the United States','http://dbpedia.org/resource/United_States'),(3,'Brazil','http://dbpedia.org/resource/Brazil'),(4,'the United Kingdom','http://dbpedia.org/resource/United_Kingdom'),(5,'Australia','http://dbpedia.org/resource/Australia'),(6,'Sweden','http://dbpedia.org/resource/Sweden'),(7,'France','http://dbpedia.org/resource/France'),(8,'the Netherlands','http://dbpedia.org/resource/Netherlands'),(9,'Iceland','http://dbpedia.org/resource/Iceland'),(10,'Ireland','http://dbpedia.org/resource/Republic_of_Ireland'),(11,'Germany','http://dbpedia.org/resource/Germany'),(12,'Canada','http://dbpedia.org/resource/Canada'),(13,'Scotland','http://dbpedia.org/resource/Scotland_national_football_team'),(14,'Alba','http://dbpedia.org/resource/Scotland'),(15,'Devon','http://dbpedia.org/resource/Devon'),(16,'Norlin Airlann\'\'','http://dbpedia.org/resource/Northern_Ireland'),(17,'Daehan Minguk','http://dbpedia.org/resource/South_Korea'),(18,'England','http://dbpedia.org/resource/England');
/*!40000 ALTER TABLE `Country` ENABLE KEYS */;
UNLOCK TABLES;

--
-- Table structure for table `Knows`
--

DROP TABLE IF EXISTS `Knows`;
/*!40101 SET @saved_cs_client     = @@character_set_client */;
/*!40101 SET character_set_client = utf8 */;
CREATE TABLE `Knows` (
  `id` int(11) NOT NULL auto_increment,
  `person_id` int(11) NOT NULL,
  `colleague_id` int(11) NOT NULL,
  PRIMARY KEY  (`id`),
  UNIQUE KEY `person_id` (`person_id`,`colleague_id`),
  KEY `colleague_id` (`colleague_id`)
) ENGINE=MyISAM AUTO_INCREMENT=222 DEFAULT CHARSET=latin1;
/*!40101 SET character_set_client = @saved_cs_client */;

--
-- Dumping data for table `Knows`
--

LOCK TABLES `Knows` WRITE;
/*!40000 ALTER TABLE `Knows` DISABLE KEYS */;
INSERT INTO `Knows` VALUES (1,33,36),(2,33,8),(3,38,47),(4,38,17),(5,38,39),(6,38,18),(7,38,45),(8,38,41),(9,38,19),(10,38,26),(11,38,42),(12,38,43),(13,38,20),(14,38,21),(15,38,22),(16,38,15),(17,38,23),(18,17,38),(19,17,39),(20,17,40),(21,17,18),(22,17,24),(23,17,45),(24,17,41),(25,17,19),(26,17,26),(27,17,25),(28,17,42),(29,17,43),(30,17,20),(31,17,21),(32,17,44),(33,17,22),(34,17,15),(35,17,23),(36,40,47),(37,40,38),(38,40,17),(39,40,39),(40,40,18),(41,40,37),(42,40,24),(43,40,45),(44,40,41),(45,40,19),(46,40,26),(47,40,25),(48,40,42),(49,40,43),(50,40,20),(51,40,21),(52,40,44),(53,40,22),(54,40,15),(55,40,23),(56,51,47),(57,51,38),(58,51,7),(59,51,4),(60,51,13),(61,51,49),(62,51,11),(63,51,10),(64,51,8),(65,51,9),(66,51,32),(67,1,7),(68,18,17),(69,18,39),(70,18,26),(71,18,42),(72,18,20),(73,18,22),(74,18,23),(75,37,47),(76,37,24),(77,37,45),(78,37,3),(79,37,19),(80,37,30),(81,37,26),(82,37,25),(83,37,43),(84,37,23),(85,45,50),(86,3,47),(87,3,37),(88,3,16),(89,3,28),(90,19,47),(91,19,38),(92,19,17),(93,19,39),(94,19,40),(95,19,18),(96,19,24),(97,19,45),(98,19,41),(99,19,26),(100,19,25),(101,19,42),(102,19,43),(103,19,20),(104,19,21),(105,19,48),(106,19,15),(107,19,23),(108,30,47),(109,30,37),(110,30,4),(111,30,10),(112,36,16),(113,36,14),(114,36,28),(115,26,47),(116,26,38),(117,26,17),(118,26,39),(119,26,40),(120,26,18),(121,26,37),(122,26,24),(123,26,41),(124,26,19),(125,26,25),(126,26,43),(127,26,20),(128,26,21),(129,26,23),(130,2,47),(131,2,1),(132,2,46),(133,16,3),(134,16,36),(135,16,43),(136,16,28),(137,43,47),(138,43,38),(139,43,17),(140,43,39),(141,43,40),(142,43,18),(143,43,37),(144,43,24),(145,43,45),(146,43,41),(147,43,19),(148,43,36),(149,43,26),(150,43,25),(151,43,42),(152,43,16),(153,43,20),(154,43,46),(155,43,21),(156,43,48),(157,43,22),(158,43,15),(159,43,23),(160,46,47),(161,46,48),(162,46,10),(163,49,51),(164,49,4),(165,49,13),(166,49,11),(167,49,8),(168,49,9),(169,21,19),(170,21,20),(171,22,47),(172,22,17),(173,22,39),(174,22,18),(175,22,42),(176,8,33),(177,8,9),(178,6,47),(179,6,46),(180,6,8),(181,6,29),(182,6,32),(183,9,47),(184,9,7),(185,9,51),(186,9,37),(187,9,4),(188,9,13),(189,9,46),(190,9,49),(191,9,11),(192,9,8),(193,9,32),(194,23,47),(195,23,38),(196,23,17),(197,23,39),(198,23,40),(199,23,18),(200,23,37),(201,23,24),(202,23,45),(203,23,41),(204,23,19),(205,23,26),(206,23,25),(207,23,42),(208,23,43),(209,23,20),(210,23,21),(211,23,44),(212,23,22),(213,23,15),(214,50,45),(215,28,47),(216,28,40),(217,28,24),(218,28,3),(219,28,36),(220,28,25),(221,28,16);
/*!40000 ALTER TABLE `Knows` ENABLE KEYS */;
UNLOCK TABLES;

--
-- Table structure for table `LikesMusic`
--

DROP TABLE IF EXISTS `LikesMusic`;
/*!40101 SET @saved_cs_client     = @@character_set_client */;
/*!40101 SET character_set_client = utf8 */;
CREATE TABLE `LikesMusic` (
  `id` int(11) NOT NULL auto_increment,
  `person_id` int(11) NOT NULL,
  `artist_id` int(11) NOT NULL,
  `rating` int(11) default NULL,
  PRIMARY KEY  (`id`),
  KEY `person_id` (`person_id`),
  KEY `artist_id` (`artist_id`)
) ENGINE=MyISAM AUTO_INCREMENT=628 DEFAULT CHARSET=latin1;
/*!40101 SET character_set_client = @saved_cs_client */;

--
-- Dumping data for table `LikesMusic`
--

LOCK TABLES `LikesMusic` WRITE;
/*!40000 ALTER TABLE `LikesMusic` DISABLE KEYS */;
INSERT INTO `LikesMusic` VALUES (1,33,1,3),(2,33,2,3),(3,33,3,3),(4,33,4,3),(5,33,5,4),(6,33,6,4),(7,33,7,3),(8,33,8,4),(9,38,9,4),(10,38,10,2),(11,38,11,3),(12,38,12,3),(13,38,13,1),(14,38,14,4),(15,38,15,5),(16,38,16,5),(17,38,17,1),(18,38,18,5),(19,38,19,2),(20,38,20,3),(21,17,21,2),(22,17,22,1),(23,17,23,3),(24,17,24,4),(25,17,25,4),(26,17,26,5),(27,17,27,5),(28,17,28,5),(29,40,29,4),(30,40,30,3),(31,40,31,4),(32,40,32,5),(33,40,33,4),(34,40,34,5),(35,40,35,4),(36,40,36,5),(37,40,37,5),(38,40,38,5),(39,51,39,5),(40,51,9,4),(41,51,40,5),(42,51,41,4),(43,51,42,4),(44,51,43,4),(45,51,44,5),(46,51,45,4),(47,51,46,5),(48,51,47,4),(49,51,25,5),(50,51,48,5),(51,51,49,4),(52,51,12,5),(53,51,50,4),(54,51,13,4),(55,51,51,5),(56,51,52,5),(57,51,53,4),(58,51,54,4),(59,51,28,4),(60,1,55,5),(61,1,56,4),(62,1,57,4),(63,1,58,5),(64,1,59,4),(65,1,60,4),(66,1,11,5),(67,1,33,4),(68,1,14,4),(69,1,61,5),(70,1,62,5),(71,37,63,5),(72,37,64,5),(73,37,65,5),(74,37,23,5),(75,37,66,5),(76,37,33,5),(77,37,52,5),(78,37,6,5),(79,37,17,5),(80,37,67,5),(81,37,68,5),(82,37,69,5),(83,37,20,5),(84,37,70,4),(85,37,71,5),(86,37,72,4),(87,24,73,4),(88,24,29,5),(89,24,39,5),(90,24,74,4),(91,24,75,5),(92,24,76,4),(93,24,77,5),(94,24,78,5),(95,24,79,4),(96,24,60,5),(97,24,80,4),(98,24,31,5),(99,24,81,4),(100,24,82,5),(101,24,83,5),(102,24,84,5),(103,24,25,4),(104,24,85,4),(105,24,86,4),(106,24,33,5),(107,24,50,5),(108,24,14,5),(109,24,51,4),(110,24,87,4),(111,24,88,4),(112,24,6,5),(113,24,16,4),(114,24,89,4),(115,24,90,4),(116,24,53,5),(117,24,91,4),(118,24,92,4),(119,24,93,5),(120,24,94,4),(121,24,95,4),(122,24,54,5),(123,24,96,4),(124,24,97,4),(125,24,98,4),(126,24,99,4),(127,24,100,4),(128,24,101,4),(129,24,102,4),(130,24,103,4),(131,24,104,5),(132,24,105,4),(133,45,106,5),(134,45,107,5),(135,45,9,2),(136,45,108,4),(137,45,109,3),(138,45,110,5),(139,45,42,4),(140,45,111,4),(141,45,112,4),(142,45,113,5),(143,45,45,3),(144,45,114,3),(145,45,115,4),(146,45,31,5),(147,45,83,4),(148,45,33,4),(149,45,116,2),(150,45,117,3),(151,45,118,5),(152,45,119,3),(153,45,120,2),(154,45,121,5),(155,45,122,4),(156,45,123,3),(157,45,102,2),(158,3,124,5),(159,3,41,5),(160,3,125,4),(161,3,23,4),(162,3,25,5),(163,3,53,5),(164,3,126,4),(165,3,127,4),(166,3,128,3),(167,3,28,4),(168,41,63,5),(169,41,129,5),(170,41,9,5),(171,41,130,4),(172,41,131,4),(173,41,132,5),(174,41,133,5),(175,41,74,5),(176,41,110,5),(177,41,134,5),(178,41,135,5),(179,41,136,4),(180,41,137,4),(181,41,138,4),(182,41,139,5),(183,41,140,4),(184,41,141,5),(185,41,83,5),(186,41,142,5),(187,41,143,5),(188,41,144,4),(189,41,145,4),(190,41,13,5),(191,41,146,5),(192,41,16,5),(193,41,17,5),(194,41,147,5),(195,41,148,5),(196,41,149,5),(197,41,150,5),(198,41,151,4),(199,19,152,5),(200,19,153,5),(201,19,154,5),(202,19,60,4),(203,19,155,5),(204,19,156,4),(205,19,157,5),(206,19,158,4),(207,19,159,4),(208,19,160,3),(209,19,86,5),(210,19,161,4),(211,19,162,4),(212,19,163,4),(213,19,164,5),(214,19,165,4),(215,19,166,5),(216,19,167,5),(217,30,44,4),(218,30,168,3),(219,30,169,3),(220,30,52,4),(221,30,170,4),(222,30,171,4),(223,30,62,5),(224,30,172,3),(225,36,173,5),(226,36,109,5),(227,36,174,5),(228,36,175,5),(229,36,176,4),(230,36,31,3),(231,36,83,5),(232,36,25,5),(233,36,53,5),(234,36,102,5),(235,26,39,5),(236,26,82,4),(237,26,83,5),(238,26,177,3),(239,26,178,3),(240,26,179,5),(241,26,180,5),(242,25,39,5),(243,25,181,1),(244,25,42,4),(245,25,182,5),(246,25,183,4),(247,25,78,3),(248,25,60,5),(249,25,10,4),(250,25,184,1),(251,25,82,4),(252,25,158,5),(253,25,33,5),(254,25,185,3),(255,25,53,4),(256,25,104,4),(257,42,186,1),(258,42,187,4),(259,42,188,1),(260,42,189,1),(261,42,190,5),(262,42,191,5),(263,42,192,1),(264,42,74,1),(265,42,42,1),(266,42,56,3),(267,42,75,4),(268,42,76,3),(269,42,193,5),(270,42,194,1),(271,42,24,3),(272,42,183,2),(273,42,195,4),(274,42,60,1),(275,42,196,1),(276,42,197,2),(277,42,198,1),(278,42,199,3),(279,42,157,5),(280,42,200,2),(281,42,48,3),(282,42,201,1),(283,42,202,4),(284,42,203,1),(285,42,204,4),(286,42,35,3),(287,42,205,5),(288,42,206,5),(289,42,207,5),(290,42,208,5),(291,42,209,1),(292,42,210,5),(293,42,211,5),(294,42,95,5),(295,42,20,5),(296,42,212,4),(297,42,213,4),(298,42,214,3),(299,2,106,5),(300,2,39,3),(301,2,74,5),(302,2,215,5),(303,2,42,3),(304,2,175,4),(305,2,216,3),(306,2,60,3),(307,2,30,2),(308,2,217,4),(309,2,83,4),(310,2,218,5),(311,2,219,4),(312,2,52,5),(313,2,118,5),(314,16,220,4),(315,16,9,4),(316,16,221,3),(317,16,222,5),(318,16,223,4),(319,16,224,5),(320,16,225,4),(321,16,11,3),(322,16,88,4),(323,16,226,3),(324,16,227,5),(325,43,228,4),(326,43,229,4),(327,43,230,4),(328,43,231,4),(329,43,155,3),(330,43,156,3),(331,43,232,4),(332,43,25,5),(333,43,159,4),(334,43,233,4),(335,43,35,4),(336,43,234,3),(337,43,235,5),(338,43,207,4),(339,43,236,4),(340,20,237,3),(341,20,75,4),(342,20,238,5),(343,20,239,1),(344,20,25,5),(345,20,240,1),(346,20,86,5),(347,20,241,4),(348,20,242,5),(349,20,243,4),(350,46,244,5),(351,46,199,1),(352,46,235,5),(353,49,245,5),(354,49,246,5),(355,49,39,3),(356,49,247,4),(357,49,248,4),(358,49,249,4),(359,49,250,3),(360,49,124,5),(361,49,251,3),(362,49,41,4),(363,49,109,5),(364,49,76,3),(365,49,44,4),(366,49,252,5),(367,49,23,3),(368,49,175,4),(369,49,253,3),(370,49,254,4),(371,49,194,3),(372,49,45,4),(373,49,255,3),(374,49,78,5),(375,49,256,5),(376,49,60,3),(377,49,224,5),(378,49,47,3),(379,49,257,4),(380,49,258,4),(381,49,259,4),(382,49,260,3),(383,49,83,5),(384,49,261,3),(385,49,262,4),(386,49,33,3),(387,49,263,4),(388,49,14,3),(389,49,51,3),(390,49,264,5),(391,49,265,4),(392,49,88,4),(393,49,52,5),(394,49,6,3),(395,49,17,3),(396,49,235,4),(397,49,266,3),(398,49,267,4),(399,49,268,4),(400,49,122,3),(401,49,95,3),(402,49,269,3),(403,49,270,4),(404,49,271,4),(405,49,272,4),(406,49,273,3),(407,49,274,3),(408,49,28,4),(409,49,275,4),(410,21,181,1),(411,21,276,4),(412,21,111,5),(413,21,182,5),(414,21,78,4),(415,21,239,4),(416,21,83,5),(417,21,11,5),(418,21,277,5),(419,21,278,4),(420,22,279,3),(421,22,280,4),(422,22,190,4),(423,22,189,5),(424,22,281,5),(425,22,282,5),(426,22,191,2),(427,22,192,1),(428,22,283,2),(429,22,284,5),(430,22,285,5),(431,22,42,1),(432,22,286,5),(433,22,287,3),(434,22,228,1),(435,22,44,5),(436,22,288,3),(437,22,24,1),(438,22,183,1),(439,22,289,5),(440,22,114,5),(441,22,290,1),(442,22,10,5),(443,22,291,2),(444,22,82,1),(445,22,157,1),(446,22,200,3),(447,22,292,5),(448,22,293,4),(449,22,50,1),(450,22,35,5),(451,22,205,5),(452,22,207,2),(453,22,294,4),(454,22,209,1),(455,22,278,5),(456,22,95,5),(457,22,20,5),(458,22,295,5),(459,22,296,5),(460,22,297,5),(461,15,298,5),(462,15,299,3),(463,15,129,4),(464,15,9,5),(465,15,300,3),(466,15,301,3),(467,15,302,3),(468,15,285,4),(469,15,303,3),(470,15,304,4),(471,15,305,3),(472,15,306,3),(473,15,307,4),(474,15,308,4),(475,15,309,4),(476,15,193,3),(477,15,310,4),(478,15,44,5),(479,15,311,4),(480,15,312,4),(481,15,46,3),(482,15,289,4),(483,15,114,4),(484,15,313,4),(485,15,2,3),(486,15,314,3),(487,15,315,4),(488,15,316,4),(489,15,317,5),(490,15,318,4),(491,15,319,1),(492,15,320,5),(493,15,321,4),(494,15,322,4),(495,15,323,3),(496,15,324,4),(497,15,25,3),(498,15,325,5),(499,15,326,5),(500,15,11,3),(501,15,327,3),(502,15,328,3),(503,15,202,2),(504,15,293,4),(505,15,329,4),(506,15,330,4),(507,15,331,1),(508,15,332,3),(509,15,205,4),(510,15,16,4),(511,15,333,4),(512,15,17,4),(513,15,334,1),(514,15,278,5),(515,15,148,4),(516,15,8,5),(517,15,18,4),(518,15,335,5),(519,15,336,4),(520,15,337,3),(521,15,338,3),(522,15,339,4),(523,15,95,5),(524,15,340,4),(525,15,19,4),(526,15,341,4),(527,15,54,3),(528,15,342,4),(529,15,343,4),(530,15,344,5),(531,15,345,3),(532,15,346,4),(533,15,20,5),(534,15,347,4),(535,15,348,3),(536,15,349,3),(537,15,350,4),(538,15,295,4),(539,15,297,4),(540,15,351,4),(541,15,352,4),(542,15,353,4),(543,8,9,4),(544,8,41,3),(545,8,76,1),(546,8,354,5),(547,8,355,4),(548,8,356,4),(549,8,205,5),(550,8,297,5),(551,9,106,4),(552,9,39,3),(553,9,109,5),(554,9,215,5),(555,9,357,5),(556,9,358,5),(557,9,44,4),(558,9,359,4),(559,9,175,4),(560,9,253,3),(561,9,194,5),(562,9,154,3),(563,9,45,5),(564,9,78,4),(565,9,60,3),(566,9,31,3),(567,9,360,5),(568,9,258,5),(569,9,361,5),(570,9,83,5),(571,9,158,5),(572,9,33,4),(573,9,144,5),(574,9,293,5),(575,9,13,2),(576,9,14,3),(577,9,51,4),(578,9,88,4),(579,9,52,5),(580,9,6,5),(581,9,17,4),(582,9,362,4),(583,9,53,4),(584,9,120,4),(585,9,92,3),(586,9,363,5),(587,9,364,3),(588,9,365,3),(589,9,122,5),(590,9,95,5),(591,9,366,4),(592,9,212,4),(593,9,270,5),(594,9,272,4),(595,9,275,4),(596,23,106,4),(597,23,9,5),(598,23,25,5),(599,23,12,3),(600,23,17,2),(601,23,367,3),(602,23,368,4),(603,23,8,5),(604,23,18,4),(605,23,20,5),(606,50,369,5),(607,50,111,5),(608,50,370,4),(609,50,371,4),(610,50,33,5),(611,50,6,5),(612,28,106,3),(613,28,39,2),(614,28,372,5),(615,28,133,5),(616,28,76,2),(617,28,373,3),(618,28,31,4),(619,28,33,4),(620,28,87,5),(621,28,88,4),(622,28,52,4),(623,28,89,2),(624,28,374,4),(625,28,375,3),(626,28,278,3),(627,28,122,3);
/*!40000 ALTER TABLE `LikesMusic` ENABLE KEYS */;
UNLOCK TABLES;

--
-- Table structure for table `MusicalArtist`
--

DROP TABLE IF EXISTS `MusicalArtist`;
/*!40101 SET @saved_cs_client     = @@character_set_client */;
/*!40101 SET character_set_client = utf8 */;
CREATE TABLE `MusicalArtist` (
  `id` int(11) NOT NULL auto_increment,
  `artistic_name` varchar(40) default NULL,
  `city_id` int(11) default NULL,
  `creation_date` date default NULL,
  `wiki_address` varchar(200) default NULL,
  PRIMARY KEY  (`id`),
  UNIQUE KEY `wiki_address` (`wiki_address`),
  KEY `city_id` (`city_id`)
) ENGINE=MyISAM AUTO_INCREMENT=376 DEFAULT CHARSET=latin1;
/*!40101 SET character_set_client = @saved_cs_client */;

--
-- Dumping data for table `MusicalArtist`
--

LOCK TABLES `MusicalArtist` WRITE;
/*!40000 ALTER TABLE `MusicalArtist` DISABLE KEYS */;
INSERT INTO `MusicalArtist` VALUES (1,'Acid Black Cherry',NULL,'2007-02-00','http://en.wikipedia.org/wiki/Acid_Black_Cherry'),(2,'Gorillaz',NULL,'1998-02-00','http://en.wikipedia.org/wiki/Gorillaz'),(3,'Nightmare',NULL,'2000-02-00','http://en.wikipedia.org/wiki/Nightmare_(Japanese_band)'),(4,'Orange Range',NULL,'2001-02-00','http://en.wikipedia.org/wiki/Orange_Range'),(5,'Paul McCartney',NULL,'1957-02-00','http://en.wikipedia.org/wiki/Paul_McCartney'),(6,'Queen',NULL,'1970-02-00','http://en.wikipedia.org/wiki/Queen_(band)'),(7,'Sound Horizon',NULL,'2001-02-00','http://en.wikipedia.org/wiki/Sound_Horizon'),(8,'The Beatles',NULL,'1960-02-00','http://en.wikipedia.org/wiki/The_Beatles'),(9,'Arctic Monkeys',NULL,'2002-00-00','http://en.wikipedia.org/wiki/Arctic_monkeys'),(10,'Imagine Dragons',NULL,'2007-02-00','http://en.wikipedia.org/wiki/Imagine_Dragons'),(11,'Los Hermanos',21,'1997-02-00','http://en.wikipedia.org/wiki/Los_Hermanos'),(12,'Muse',92,'1994-02-00','http://en.wikipedia.org/wiki/Muse_(band)'),(13,'Nine Inch Nails',70,'1988-02-00','http://en.wikipedia.org/wiki/Nine_inch_nails'),(14,'Nirvana',28,'1987-02-00','http://en.wikipedia.org/wiki/Nirvana_(band)'),(15,'Placebo',6,'1994-02-00','http://en.wikipedia.org/wiki/Placebo_(band)'),(16,'Queens of the Stone Age',86,'1996-02-00','http://en.wikipedia.org/wiki/Queens_of_the_stone_age'),(17,'Radiohead',83,'1985-02-00','http://en.wikipedia.org/wiki/Radiohead'),(18,'The Black Keys',69,'2001-02-00','http://en.wikipedia.org/wiki/The_Black_Keys'),(19,'The Kooks',47,'2002-02-00','http://en.wikipedia.org/wiki/The_Kooks'),(20,'The Strokes',NULL,'1998-02-00','http://en.wikipedia.org/wiki/The_Strokes'),(21,'Apink',103,'2011-02-00','http://en.wikipedia.org/wiki/A_Pink'),(22,'Claudia Leitte',22,'2001-02-00','http://en.wikipedia.org/wiki/Claudia_Leitte'),(23,'deadmau5',75,'2005-02-00','http://en.wikipedia.org/wiki/Deadmau5'),(24,'Eminem',NULL,'1990-02-00','http://en.wikipedia.org/wiki/Eminem'),(25,'Linkin Park',NULL,'1996-02-00','http://en.wikipedia.org/wiki/Linkin_Park'),(26,NULL,NULL,NULL,'http://en.wikipedia.org/wiki/Two_Steps_From_Hell'),(27,'Y?sei Teikoku',NULL,'1997-00-00','http://en.wikipedia.org/wiki/Yousei_Teikoku'),(28,'Zedd (musician)',NULL,'2002-00-00','http://en.wikipedia.org/wiki/Zedd_(musician)'),(29,'AC/DC',NULL,'1973-00-00','http://en.wikipedia.org/wiki/AC-DC'),(30,'Helloween',89,'1984-02-00','http://en.wikipedia.org/wiki/Helloween'),(31,'Iron Maiden',7,'1975-02-00','http://en.wikipedia.org/wiki/Iron_Maiden'),(32,'Karnivool',8,'1997-02-00','http://en.wikipedia.org/wiki/Karnivool'),(33,'Metallica',NULL,'1981-02-00','http://en.wikipedia.org/wiki/Metallica'),(34,'Pain of Salvation',95,'1984-02-00','http://en.wikipedia.org/wiki/Pain_of_Salvation'),(35,'Paramore',NULL,'2004-02-00','http://en.wikipedia.org/wiki/Paramore'),(36,'Protest the Hero',96,'2001-02-00','http://en.wikipedia.org/wiki/Protest_the_Hero'),(37,NULL,NULL,NULL,'http://en.wikipedia.org/wiki/Tesseract'),(38,'The Safety Fire',6,'2006-02-00','http://en.wikipedia.org/wiki/The_Safety_Fire'),(39,'Aerosmith',56,'1970-02-00','http://en.wikipedia.org/wiki/Aerosmith'),(40,'Audioslave',NULL,'2001-02-00','http://en.wikipedia.org/wiki/Audioslave'),(41,'Avicii',82,'2007-02-00','http://en.wikipedia.org/wiki/Avicii'),(42,'Bon Jovi',NULL,'1983-02-00','http://en.wikipedia.org/wiki/Bon_jovi'),(43,'Chris Cornell',NULL,'1984-00-00','http://en.wikipedia.org/wiki/Chris_cornell'),(44,'Daft Punk',16,'1993-02-00','http://en.wikipedia.org/wiki/Daft_punk'),(45,'Eric Clapton',NULL,'1962-02-00','http://en.wikipedia.org/wiki/Eric_clapton'),(46,'Florence and the Machine',6,'2007-02-00','http://en.wikipedia.org/wiki/Florence_and_the_Machine'),(47,'Hardwell',NULL,'2006-02-00','http://en.wikipedia.org/wiki/Hardwell'),(48,'Kara\'s Flowers',11,'1994-02-00','http://en.wikipedia.org/wiki/Maroon_5'),(49,'Matchbox Twenty',NULL,'1984-00-00','http://en.wikipedia.org/wiki/Matchbox_20'),(50,'Nickelback',49,'1995-02-00','http://en.wikipedia.org/wiki/Nickelback'),(51,'Oasis',NULL,'1991-02-00','http://en.wikipedia.org/wiki/Oasis_(band)'),(52,'Pink Floyd',NULL,'1965-00-00','http://en.wikipedia.org/wiki/Pink_Floyd'),(53,'Red Hot Chili Peppers',11,'1983-02-00','http://en.wikipedia.org/wiki/Red_Hot_Chili_Peppers'),(54,'The Offspring',NULL,'1984-02-00','http://en.wikipedia.org/wiki/The_Offspring'),(55,'Alanis Morissette',80,'1987-02-00','http://en.wikipedia.org/wiki/Alanis_Morissette'),(56,'Britney Spears',NULL,'1992-02-00','http://en.wikipedia.org/wiki/Britney_Spears'),(57,'Céu',NULL,'1965-00-00','http://en.wikipedia.org/wiki/C%C3%A9u'),(58,'Clarice Falcão',NULL,'2006-00-00','http://en.wikipedia.org/wiki/Clarice_Falc%C3%A3o'),(59,'Fernando & Sorocaba',NULL,'2006-00-00','http://en.wikipedia.org/wiki/Fernando_e_Sorocaba'),(60,'Guns N\' Roses',NULL,'1985-00-00','http://en.wikipedia.org/wiki/Guns_N%27_Roses'),(61,'O Rappa',21,'1993-02-00','http://en.wikipedia.org/wiki/O_Rappa'),(62,'Shakira',NULL,'1990-02-00','http://en.wikipedia.org/wiki/Shakira'),(63,'Alice in Chains',31,'1987-02-00','http://en.wikipedia.org/wiki/Alice_in_Chains'),(64,'Bad Company',NULL,'1973-02-00','http://en.wikipedia.org/wiki/Bad_Company'),(65,'Badlands',11,'1988-02-00','http://en.wikipedia.org/wiki/Badlands_(American_band)'),(66,'Explosions in the Sky',78,'1999-02-00','http://en.wikipedia.org/wiki/Explosions_in_the_Sky'),(67,'Serafin',NULL,'2000-02-00','http://en.wikipedia.org/wiki/Serafin_(band)'),(68,'Soundgarden',NULL,'1984-02-00','http://en.wikipedia.org/wiki/Soundgarden'),(69,'Stone Temple Pilots',35,'1986-02-00','http://en.wikipedia.org/wiki/Stone_Temple_Pilots'),(70,'Third Eye Blind',77,'1993-02-00','http://en.wikipedia.org/wiki/Third_Eye_Blind'),(71,'Tool',NULL,'1990-02-00','http://en.wikipedia.org/wiki/Tool_(band)'),(72,'Velvet Revolver',45,'2002-02-00','http://en.wikipedia.org/wiki/Velvet_Revolver'),(73,'3 Doors Down',34,'1996-02-00','http://en.wikipedia.org/wiki/3_Doors_Down'),(74,'Black Sabbath',NULL,'1968-02-00','http://en.wikipedia.org/wiki/Black_Sabbath'),(75,'Capital Inicial',65,'1982-02-00','http://en.wikipedia.org/wiki/Capital_Inicial'),(76,'Coldplay',6,'1996-02-00','http://en.wikipedia.org/wiki/Coldplay'),(77,'Creed',87,'1994-02-00','http://en.wikipedia.org/wiki/Creed_(band)'),(78,'Foo Fighters',31,'1994-02-00','http://en.wikipedia.org/wiki/Foo_Fighters'),(79,'Goo Goo Dolls',102,'1986-02-00','http://en.wikipedia.org/wiki/Goo_Goo_Dolls'),(80,'Ira!',NULL,'1981-00-00','http://en.wikipedia.org/wiki/Ira_(band)'),(81,'Kansas',13,'1973-02-00','http://en.wikipedia.org/wiki/Kansas_(band)'),(82,'Kiss',NULL,'1973-02-00','http://en.wikipedia.org/wiki/Kiss_(band)'),(83,'Led Zeppelin',NULL,'1968-02-00','http://en.wikipedia.org/wiki/Led_Zeppelin'),(84,'Legião Urbana',NULL,'1982-00-00','http://en.wikipedia.org/wiki/Legiao_urbana'),(85,'Living Colour',NULL,'1984-02-00','http://en.wikipedia.org/wiki/Living_Colour'),(86,'Mamonas Assassinas',62,'1994-02-00','http://en.wikipedia.org/wiki/Mamonas_Assassinas'),(87,'Ozzy Osbourne',NULL,'1967-02-00','http://en.wikipedia.org/wiki/Ozzy_Osbourne'),(88,'Pearl Jam',31,'1990-02-00','http://en.wikipedia.org/wiki/Pearl_Jam'),(89,'Rage Against the Machine',11,'1991-02-00','http://en.wikipedia.org/wiki/Rage_Against_the_Machine'),(90,'Raul Seixas',NULL,'1963-02-00','http://en.wikipedia.org/wiki/Raul_Seixas'),(91,'Scorpions (band)',NULL,'1965-00-00','http://en.wikipedia.org/wiki/Scorpions'),(92,'Sex Pistols',NULL,'1975-02-00','http://en.wikipedia.org/wiki/Sex_pistols'),(93,NULL,NULL,NULL,'http://en.wikipedia.org/wiki/Skid_row'),(94,'The Calling',11,'2000-02-00','http://en.wikipedia.org/wiki/The_Calling'),(95,'The Killers',NULL,'2001-02-00','http://en.wikipedia.org/wiki/The_Killers'),(96,'The Rolling Stones',6,'1962-02-00','http://en.wikipedia.org/wiki/The_Rolling_Stones'),(97,'The White Stripes',93,'1997-02-00','http://en.wikipedia.org/wiki/The_White_Stripes'),(98,'The Police',NULL,'1977-00-00','http://en.wikipedia.org/wiki/The_police'),(99,'Thin Lizzy',36,'1969-02-00','http://en.wikipedia.org/wiki/Thin_Lizzy'),(100,'Titãs',NULL,'1981-00-00','http://en.wikipedia.org/wiki/Titas_(band)'),(101,'Twisted Sister',29,'1972-02-00','http://en.wikipedia.org/wiki/Twisted_Sister'),(102,'U2',36,'1976-02-00','http://en.wikipedia.org/wiki/U2'),(103,'Van Halen',NULL,'1972-00-00','http://en.wikipedia.org/wiki/Van_halen'),(104,'Whitesnake',NULL,'1978-02-00','http://en.wikipedia.org/wiki/Whitesnake'),(105,'Yes (band)',NULL,'1968-00-00','http://en.wikipedia.org/wiki/Yes_band'),(106,'AC/DC',NULL,'1973-00-00','http://en.wikipedia.org/wiki/AC/DC'),(107,'Angra (band)',NULL,'1991-00-00','http://en.wikipedia.org/wiki/Angra_%28band%29'),(108,'Avantasia',NULL,'1999-02-00','http://en.wikipedia.org/wiki/Avantasia'),(109,'The Beatles',NULL,'1960-00-00','http://en.wikipedia.org/wiki/Beatles'),(110,'Blind Guardian',48,'1984-02-00','http://en.wikipedia.org/wiki/Blind_guardian'),(111,'Dream Theater',56,'1985-02-00','http://en.wikipedia.org/wiki/Dream_Theater'),(112,'Eddie Van Halen',NULL,'1972-02-00','http://en.wikipedia.org/wiki/Eddie_Van_Halen'),(113,'Edguy',NULL,'1992-00-00','http://en.wikipedia.org/wiki/Edguy'),(114,'Foster the People',NULL,'2009-02-00','http://en.wikipedia.org/wiki/Foster_the_people'),(115,'Franz Ferdinand (band)',NULL,'2002-00-00','http://en.wikipedia.org/wiki/Franz_Ferdinand_%28band%29'),(116,'Motörhead',NULL,'1975-00-00','http://en.wikipedia.org/wiki/Motorhead'),(117,'Nirvana (band)',NULL,'1987-00-00','http://en.wikipedia.org/wiki/Nirvana_%28band%29'),(118,'Queen (band)',NULL,'1970-00-00','http://en.wikipedia.org/wiki/Queen_%28band%29'),(119,'Ramones',53,'1974-02-00','http://en.wikipedia.org/wiki/Ramones'),(120,'The Rolling Stones',NULL,'1962-00-00','http://en.wikipedia.org/wiki/Rolling_Stones'),(121,'Sonata Arctica',NULL,'1995-02-00','http://en.wikipedia.org/wiki/Sonata_Arctica'),(122,'The Doors',11,'1965-02-00','http://en.wikipedia.org/wiki/The_doors'),(123,'Foo Fighters',NULL,'1994-00-00','http://en.wikipedia.org/wiki/The_foo_fighters'),(124,'Armin van Buuren',42,'1995-02-00','http://en.wikipedia.org/wiki/Armin_van_buuren'),(125,'Charlie Brown Jr.',25,'1992-02-00','http://en.wikipedia.org/wiki/Charlie_Brown_Jr.'),(126,'Tiësto',NULL,'1987-00-00','http://en.wikipedia.org/wiki/Tiesto'),(127,'X Japan',NULL,'1982-00-00','http://en.wikipedia.org/wiki/X_japan'),(128,'Yui',NULL,'2004-02-00','http://en.wikipedia.org/wiki/Yui_(singer)'),(129,'Arcade Fire',46,'2001-02-00','http://en.wikipedia.org/wiki/Arcade_Fire'),(130,'Bad Brains',NULL,'1977-02-00','http://en.wikipedia.org/wiki/Bad_Brains'),(131,'Black Drawing Chalks',44,'2005-02-00','http://en.wikipedia.org/wiki/Black_Drawing_Chalks'),(132,NULL,NULL,NULL,'http://en.wikipedia.org/wiki/Black_Flag'),(133,'Black Label Society',11,'1998-02-00','http://en.wikipedia.org/wiki/Black_Label_Society'),(134,NULL,NULL,NULL,'http://en.wikipedia.org/wiki/Death'),(135,NULL,NULL,NULL,'http://en.wikipedia.org/wiki/Down'),(136,NULL,NULL,NULL,'http://en.wikipedia.org/wiki/Exodus'),(137,'Hatebreed',2,'1994-02-00','http://en.wikipedia.org/wiki/Hatebreed'),(138,'Iced Earth',12,'1985-02-00','http://en.wikipedia.org/wiki/Iced_Earth'),(139,'James Marshall Hendrix',NULL,'1963-02-00','http://en.wikipedia.org/wiki/Jimi_Hendrix'),(140,'Kreator',NULL,'1982-02-00','http://en.wikipedia.org/wiki/Kreator'),(141,'Krisiun',68,'1990-02-00','http://en.wikipedia.org/wiki/Krisiun'),(142,'Lynyrd Skynyrd',63,'1964-02-00','http://en.wikipedia.org/wiki/Lynyrd_Skynyrd'),(143,NULL,NULL,NULL,'http://en.wikipedia.org/wiki/Macaco_Bong'),(144,'Miles Dewey Davis III Davis',NULL,'1944-02-00','http://en.wikipedia.org/wiki/Miles_Davis'),(145,'Minor Threat',74,'1980-02-00','http://en.wikipedia.org/wiki/Minor_Threat'),(146,'Pantera',NULL,'1981-02-00','http://en.wikipedia.org/wiki/Pantera'),(147,'Slayer',NULL,'1981-02-00','http://en.wikipedia.org/wiki/Slayer'),(148,'Tame Impala',8,'2007-02-00','http://en.wikipedia.org/wiki/Tame_Impala'),(149,'The Allman Brothers Band',73,'1969-02-00','http://en.wikipedia.org/wiki/The_Allman_Brothers_Band'),(150,NULL,NULL,NULL,'http://en.wikipedia.org/wiki/The_Misfits'),(151,NULL,NULL,NULL,'http://en.wikipedia.org/wiki/The_National'),(152,NULL,NULL,NULL,'http://en.wikipedia.org/wiki/Bruno_e_Marrone'),(153,'Chitãozinho & Xororó',NULL,'1982-00-00','http://en.wikipedia.org/wiki/Chit%C3%A3ozinho_e_Xoror%C3%B3'),(154,'Elvis Aaron Presley',NULL,'1953-02-00','http://en.wikipedia.org/wiki/Elvis_Presley'),(155,'Gusttavo Lima',NULL,'2009-02-00','http://en.wikipedia.org/wiki/Gusttavo_Lima'),(156,'Jorge & Mateus',NULL,'2005-00-00','http://en.wikipedia.org/wiki/Jorge_e_Mateus'),(157,'Leandro e Leonardo',NULL,'1983-00-00','http://en.wikipedia.org/wiki/Leandro_e_Leonardo'),(158,'Legião Urbana',65,'1982-02-00','http://en.wikipedia.org/wiki/Legi%C3%A3o_Urbana'),(159,'Luan Santana',NULL,'1983-00-00','http://en.wikipedia.org/wiki/Luan_Santana'),(160,'Lulu Santos',NULL,'1972-02-00','http://en.wikipedia.org/wiki/Lulu_Santos'),(161,NULL,NULL,NULL,'http://en.wikipedia.org/wiki/Roberto_Carlos'),(162,'Roupa Nova',22,'1980-02-00','http://en.wikipedia.org/wiki/Roupa_Nova'),(163,'Só Pra Contrariar',14,'1989-02-00','http://en.wikipedia.org/wiki/S%C3%B3_Pra_Contrariar'),(164,'Skank',4,'1991-02-00','http://en.wikipedia.org/wiki/Skank_(band)'),(165,'Titãs',24,'1981-02-00','http://en.wikipedia.org/wiki/Tit%C3%A3s'),(166,'Tribalistas',NULL,'2002-02-00','http://en.wikipedia.org/wiki/Tribalistas_(band)'),(167,'Zezé Di Camargo & Luciano',NULL,'1991-00-00','http://en.wikipedia.org/wiki/Zez%C3%A9_Di_Camargo_%26_Luciano'),(168,'Godsmack',NULL,'1995-02-00','http://en.wikipedia.org/wiki/Godsmack'),(169,'Matanza',21,'1996-02-00','http://en.wikipedia.org/wiki/Matanza_(band)'),(170,'Rage Against the Machine',NULL,'1991-00-00','http://en.wikipedia.org/wiki/RATM'),(171,'Sepultura',3,'1984-02-00','http://en.wikipedia.org/wiki/Sepultura'),(172,'Suicidal Tendencies',NULL,'1981-02-00','http://en.wikipedia.org/wiki/Suicidal_Tendencies'),(173,'AC/DC',NULL,'1973-00-00','http://en.wikipedia.org/wiki/Acdc'),(174,'Coldplay',NULL,'1996-00-00','http://en.wikipedia.org/wiki/Cold_play'),(175,'Deep Purple',104,'1968-02-00','http://en.wikipedia.org/wiki/Deep_Purple'),(176,'Enya',NULL,'1982-02-00','http://en.wikipedia.org/wiki/Enya'),(177,'Nando Reis',NULL,'1984-02-00','http://en.wikipedia.org/wiki/Nando_Reis'),(178,'Paulo Vanzolini',NULL,'1942-02-00','http://en.wikipedia.org/wiki/Paulo_Vanzolini'),(179,NULL,NULL,NULL,'http://en.wikipedia.org/wiki/Queen'),(180,'Antônio Carlos Jobim',NULL,'1956-00-00','http://en.wikipedia.org/wiki/Tom_Jobin'),(181,'Banda Calypso',61,'1999-02-00','http://en.wikipedia.org/wiki/Banda_Calypso'),(182,'Engenheiros do Hawaii',38,'1985-02-00','http://en.wikipedia.org/wiki/Engenheiros_do_Hawaii'),(183,'Evanescence',71,'1995-02-00','http://en.wikipedia.org/wiki/Evanescence'),(184,'Jonas Brothers',NULL,'2005-02-00','http://en.wikipedia.org/wiki/Jonas_Brothers'),(185,'Nightwish',NULL,'1996-02-00','http://en.wikipedia.org/wiki/Nightwish'),(186,NULL,NULL,NULL,'http://en.wikipedia.org/wiki/%C3%89_o_Tchan'),(187,'3OH!3',NULL,'2004-02-00','http://en.wikipedia.org/wiki/3OH!3'),(188,'50 Cent',NULL,'1996-00-00','http://en.wikipedia.org/wiki/50_cent'),(189,'ABBA',82,'1972-02-00','http://en.wikipedia.org/wiki/ABBA'),(190,'AFI',97,'1991-02-00','http://en.wikipedia.org/wiki/AFI_(band)'),(191,'Avril Lavigne',NULL,'1999-02-00','http://en.wikipedia.org/wiki/Avril_Lavigne'),(192,'Backstreet Boys',17,'1993-02-00','http://en.wikipedia.org/wiki/Backstreet_boys'),(193,'Crystal Castles',75,'2004-02-00','http://en.wikipedia.org/wiki/Crystal_Castles_(band)'),(194,'Sir Elton John',NULL,'1964-02-00','http://en.wikipedia.org/wiki/Elton_John'),(195,'Fall Out Boy',85,'2001-02-00','http://en.wikipedia.org/wiki/Fall_Out_Boy'),(196,'Jennifer Lopez',NULL,'1986-02-00','http://en.wikipedia.org/wiki/Jennifer_Lopez'),(197,'Kesha Rose Sebert',NULL,'2005-02-00','http://en.wikipedia.org/wiki/Kesha'),(198,'Kiss (band)',NULL,'1973-00-00','http://en.wikipedia.org/wiki/Kiss_band'),(199,'Lady Gaga',NULL,'2005-02-00','http://en.wikipedia.org/wiki/Lady_Gaga'),(200,'Madonna',NULL,'1979-02-00','http://en.wikipedia.org/wiki/Madonna_(entertainer)'),(201,'Metallica',NULL,'1981-00-00','http://en.wikipedia.org/wiki/Metalicca'),(202,'Miley Cyrus',NULL,'2001-02-00','http://en.wikipedia.org/wiki/Miley_cyrus'),(203,'Ozzy Osbourne',NULL,'1967-00-00','http://en.wikipedia.org/wiki/Ozzy'),(204,'Panic! at the Disco',37,'2004-02-00','http://en.wikipedia.org/wiki/Panic!_at_the_Disco'),(205,'Phoenix',88,'1999-02-00','http://en.wikipedia.org/wiki/Phoenix_(band)'),(206,'Plain White T\'s',NULL,'2005-00-00','http://en.wikipedia.org/wiki/Plain_White_T%27s'),(207,'Rihanna',NULL,'2004-02-00','http://en.wikipedia.org/wiki/Rihanna'),(208,'Saosin',30,'2003-02-00','http://en.wikipedia.org/wiki/Saosin'),(209,'Spice Girls',6,'1994-02-00','http://en.wikipedia.org/wiki/Spice_girls'),(210,'Sum 41',98,'1996-02-00','http://en.wikipedia.org/wiki/Sum_41'),(211,'t.A.T.u.',NULL,'1999-00-00','http://en.wikipedia.org/wiki/T.a.t.u.'),(212,'The Smiths',NULL,'1982-02-00','http://en.wikipedia.org/wiki/The_smiths'),(213,'The Used',NULL,'2001-00-00','http://en.wikipedia.org/wiki/The_used'),(214,'Usher',13,'1991-02-00','http://en.wikipedia.org/wiki/Usher_(entertainer)'),(215,'Bob Dylan',23,'1961-02-00','http://en.wikipedia.org/wiki/Bob_Dylan'),(216,'Fleetwood Mac',NULL,'1967-02-00','http://en.wikipedia.org/wiki/Fleetwood_Mac'),(217,'King Crimson',NULL,'1969-02-00','http://en.wikipedia.org/wiki/King_Crimson'),(218,'Moby',66,'1982-02-00','http://en.wikipedia.org/wiki/Moby'),(219,'Neil Young',59,'1960-02-00','http://en.wikipedia.org/wiki/Neil_Young'),(220,'Angra',24,'1991-02-00','http://en.wikipedia.org/wiki/Angra_(band)'),(221,'Blink-182',NULL,'1992-02-00','http://en.wikipedia.org/wiki/Blink-182'),(222,'Bob Marley',NULL,'1962-02-00','http://en.wikipedia.org/wiki/Bob_Marley'),(223,'Chico Buarque',21,'1962-02-00','http://en.wikipedia.org/wiki/Chico_Buarque'),(224,'Hans Zimmer',NULL,'1977-02-00','http://en.wikipedia.org/wiki/Hans_Zimmer'),(225,'Korpiklaani',NULL,'1993-02-00','http://en.wikipedia.org/wiki/Korpiklaani'),(226,'Pixies',56,'1986-02-00','http://en.wikipedia.org/wiki/Pixies'),(227,'Tuatha de Danann',41,'1995-02-00','http://en.wikipedia.org/wiki/Tuatha_de_Danann_(band)'),(228,'Chris Brown',NULL,'2004-00-00','http://en.wikipedia.org/wiki/Chris_Brown'),(229,'David Guetta',NULL,'1984-02-00','http://en.wikipedia.org/wiki/David_Guetta'),(230,'Enrique Iglesias',27,'1994-02-00','http://en.wikipedia.org/wiki/Enrique_Iglesias'),(231,'Tramar Dillard',NULL,'2006-02-00','http://en.wikipedia.org/wiki/Flo_Rida'),(232,'Jota Quest',3,'1996-02-00','http://en.wikipedia.org/wiki/Jota_Quest'),(233,'Ne-Yo',NULL,'1998-00-00','http://en.wikipedia.org/wiki/Ne-yo'),(234,'Pitbull (rapper)',NULL,'2001-00-00','http://en.wikipedia.org/wiki/Pitbull_(rapper)'),(235,'Red Hot Chili Peppers',NULL,'1983-00-00','http://en.wikipedia.org/wiki/Red_Hot_Chilli_Peppers'),(236,NULL,NULL,NULL,'http://en.wikipedia.org/wiki/Ylvis'),(237,'A-ha',1,'1982-02-00','http://en.wikipedia.org/wiki/A-ha'),(238,'Dire Straits',NULL,'1977-02-00','http://en.wikipedia.org/wiki/Dire_Straits'),(239,'Ghost (Swedish band)',NULL,'2008-00-00','http://en.wikipedia.org/wiki/Ghost_BC'),(240,'MC Daleste',NULL,'2009-00-00','http://en.wikipedia.org/wiki/MC_Daleste'),(241,'Oficina G3',NULL,'1987-02-00','http://en.wikipedia.org/wiki/Oficina_G3'),(242,'Scorpions (band)',NULL,'1965-00-00','http://en.wikipedia.org/wiki/Scorpions_%28band%29'),(243,'Antônio Carlos Jobim',NULL,'1956-00-00','http://en.wikipedia.org/wiki/Tom_Jobim'),(244,NULL,NULL,NULL,'http://en.wikipedia.org/wiki/Chiclete_com_banana'),(245,'Nilsen Ørjan',NULL,'2004-02-00','http://en.wikipedia.org/wiki/%C3%98rjan_Nilsen'),(246,'Above & Beyond (band)',NULL,'2000-00-00','http://en.wikipedia.org/wiki/Above_%26_Beyond_(band)'),(247,'Alex M.O.R.P.H.',NULL,'2003-02-00','http://en.wikipedia.org/wiki/Alex_M.O.R.P.H.'),(248,'Aly & Fila',NULL,'2003-00-00','http://en.wikipedia.org/wiki/Aly_%26_Fila'),(249,'Andrew Rayel',NULL,'2005-02-00','http://en.wikipedia.org/wiki/Andrew_Rayel'),(250,'Andy Moor (musician)',NULL,'1999-00-00','http://en.wikipedia.org/wiki/Andy_Moor_(DJ)'),(251,'Arty',NULL,'2009-02-00','http://en.wikipedia.org/wiki/Arty_(musician)'),(252,'Dash Berlin',26,'2007-02-00','http://en.wikipedia.org/wiki/Dash_Berlin'),(253,'Eagles',NULL,'1971-02-00','http://en.wikipedia.org/wiki/Eagles_(band)'),(254,'Electric Light Orchestra',NULL,'1970-00-00','http://en.wikipedia.org/wiki/Electric_light_orchestra'),(255,'Ferry Corsten',NULL,'1989-00-00','http://en.wikipedia.org/wiki/Ferry_corsten'),(256,'Giuseppe Ottaviani',NULL,'1999-02-00','http://en.wikipedia.org/wiki/Giuseppe_Ottaviani'),(257,'John O\'Callaghan (musician)',NULL,'1989-00-00','http://en.wikipedia.org/wiki/John_O%27Callaghan_(musician)'),(258,'John Williams',105,'1952-02-00','http://en.wikipedia.org/wiki/John_williams'),(259,'Jorn van Deynhoven',NULL,'1989-00-00','http://en.wikipedia.org/wiki/Jorn_van_Deynhoven'),(260,'Journey',77,'1973-02-00','http://en.wikipedia.org/wiki/Journey_(band)'),(261,'Lynyrd Skynyrd',NULL,'1966-00-00','http://en.wikipedia.org/wiki/Lynrd_Skynyrd'),(262,'Markus Schulz',91,'1990-02-00','http://en.wikipedia.org/wiki/Markus_Schulz'),(263,'NERVO',19,'2005-02-00','http://en.wikipedia.org/wiki/Nervo_(duo)'),(264,'OceanLab',6,'2000-02-00','http://en.wikipedia.org/wiki/OceanLab'),(265,'Paul van Dyk',NULL,'1991-02-00','http://en.wikipedia.org/wiki/Paul_van_Dyk'),(266,'Sander van Doorn',NULL,'2004-02-00','http://en.wikipedia.org/wiki/Sander_van_Doorn'),(267,'Simon Patterson',18,'2000-02-00','http://en.wikipedia.org/wiki/Simon_Patterson_(musician)'),(268,'Supertramp',NULL,'1969-02-00','http://en.wikipedia.org/wiki/Supertramp'),(269,'The Trammps',51,'1972-02-00','http://en.wikipedia.org/wiki/The_Trammps'),(270,'The Who',6,'1964-02-00','http://en.wikipedia.org/wiki/The_Who'),(271,'Tiësto',NULL,'1994-02-00','http://en.wikipedia.org/wiki/Ti%C3%ABsto'),(272,'Tim Maia',21,'1956-02-00','http://en.wikipedia.org/wiki/Tim_Maia'),(273,'Ummet Ozcan',NULL,'2006-00-00','http://en.wikipedia.org/wiki/Ummet_Ozcan'),(274,'W&W',NULL,'2007-00-00','http://en.wikipedia.org/wiki/W%26W'),(275,'ZZ Top',20,'1969-02-00','http://en.wikipedia.org/wiki/Zz_top'),(276,'Yusuf Islam',NULL,'1966-02-00','http://en.wikipedia.org/wiki/Cat_Stevens'),(277,'Megadeth',11,'1983-02-00','http://en.wikipedia.org/wiki/Megadeth'),(278,'System of a Down',NULL,'1994-02-00','http://en.wikipedia.org/wiki/System_of_a_Down'),(279,NULL,NULL,NULL,'http://en.wikipedia.org/wiki/%C3%89_o_Tchan!'),(280,'Thirty Seconds to Mars',11,'1998-00-00','http://en.wikipedia.org/wiki/30_Seconds_to_Mars'),(281,'Alt-J',NULL,'2007-00-00','http://en.wikipedia.org/wiki/Alt_J'),(282,'Arctic Monkeys',NULL,'2002-00-00','http://en.wikipedia.org/wiki/Arctic_Monkey'),(283,NULL,NULL,NULL,'http://en.wikipedia.org/wiki/Beyonce'),(284,'The Black Keys',NULL,'2001-00-00','http://en.wikipedia.org/wiki/Black_keys'),(285,'Bombay Bicycle Club',60,'2005-02-00','http://en.wikipedia.org/wiki/Bombay_Bicycle_Club'),(286,NULL,NULL,NULL,'http://en.wikipedia.org/wiki/Canon_Blue'),(287,'CSS (band)',NULL,'2003-00-00','http://en.wikipedia.org/wiki/Cansei_de_ser_sexy'),(288,'Ellie Goulding',NULL,'2007-02-00','http://en.wikipedia.org/wiki/Ellie_Goulding'),(289,'Foals',NULL,'2005-02-00','http://en.wikipedia.org/wiki/Foals'),(290,'Guns N\' Roses',NULL,'1985-00-00','http://en.wikipedia.org/wiki/Guns_and_roses'),(291,'Katy Perry',NULL,'1999-02-00','http://en.wikipedia.org/wiki/Katy_Perry'),(292,'Michael Joseph Jackson',NULL,'1964-02-00','http://en.wikipedia.org/wiki/Michael_Jackson'),(293,NULL,NULL,NULL,'http://en.wikipedia.org/wiki/Muse'),(294,'Sandy & Junior',NULL,'1990-00-00','http://en.wikipedia.org/wiki/Sandy_e_Junior'),(295,'The xx',NULL,'2005-02-00','http://en.wikipedia.org/wiki/The_xx'),(296,'Two Door Cinema Club',101,'2007-02-00','http://en.wikipedia.org/wiki/Two_Door_Cinema_Club'),(297,'Vampire Weekend',NULL,'2006-00-00','http://en.wikipedia.org/wiki/Vampire_Weekend'),(298,'Albert Hammond, Jr.',NULL,'1999-02-00','http://en.wikipedia.org/wiki/Albert_Hammond,_Jr.'),(299,'Alt-J',40,'2007-00-00','http://en.wikipedia.org/wiki/Alt-J'),(300,'Babyshambles',6,'2003-02-00','http://en.wikipedia.org/wiki/Babyshambles'),(301,'Best Coast',NULL,'2009-02-00','http://en.wikipedia.org/wiki/Best_Coast'),(302,'Bjork',NULL,'1977-02-00','http://en.wikipedia.org/wiki/Bj%C3%B6rk'),(303,'Bon Iver',81,'2007-02-00','http://en.wikipedia.org/wiki/Bon_Iver'),(304,'Breakbot',NULL,'2007-00-00','http://en.wikipedia.org/wiki/Breakbot'),(305,'CSS',24,'2003-02-00','http://en.wikipedia.org/wiki/CSS_(band)'),(306,'Cage the Elephant',94,'2006-02-00','http://en.wikipedia.org/wiki/Cage_the_Elephant'),(307,NULL,NULL,NULL,'http://en.wikipedia.org/wiki/Cake'),(308,'Carissa\'s Wierd',NULL,'1995-00-00','http://en.wikipedia.org/wiki/Carissa%27s_Wierd'),(309,'The Courteeners',NULL,'2006-00-00','http://en.wikipedia.org/wiki/Courteeners'),(310,'Cults',NULL,'2010-02-00','http://en.wikipedia.org/wiki/Cults_(band)'),(311,'Delta Spirit',NULL,'2005-02-00','http://en.wikipedia.org/wiki/Delta_Spirit'),(312,'Detektivbyrån',9,'2005-02-00','http://en.wikipedia.org/wiki/Detektivbyr%C3%A5n'),(313,'Franz Ferdinand',57,'2002-02-00','http://en.wikipedia.org/wiki/Franz_Ferdinand_(band)'),(314,'Haim',11,'2006-02-00','http://en.wikipedia.org/wiki/Haim_(band)'),(315,'Interpol',NULL,'1997-02-00','http://en.wikipedia.org/wiki/Interpol_(band)'),(316,'Jake Bugg',NULL,'2011-02-00','http://en.wikipedia.org/wiki/Jake_Bugg'),(317,'Julian Casablancas',NULL,'1998-02-00','http://en.wikipedia.org/wiki/Julian_Casablancas'),(318,NULL,NULL,NULL,'http://en.wikipedia.org/wiki/Justice'),(319,'Justin Bieber',58,'2008-02-00','http://en.wikipedia.org/wiki/Justin_Bieber'),(320,'Kaiser Chiefs',40,'1996-02-00','http://en.wikipedia.org/wiki/Kaiser_Chiefs'),(321,'Kakkmaddafakka',10,'2004-02-00','http://en.wikipedia.org/wiki/Kakkmaddafakka'),(322,'Kasabian',NULL,'1997-02-00','http://en.wikipedia.org/wiki/Kasabian'),(323,'Kid Cudi',15,'2003-02-00','http://en.wikipedia.org/wiki/Kid_Cudi'),(324,'Kings of Convenience',10,'1999-02-00','http://en.wikipedia.org/wiki/Kings_of_Convenience'),(325,'Little Joy',11,'2007-02-00','http://en.wikipedia.org/wiki/Little_Joy'),(326,'Locksley',NULL,'2003-02-00','http://en.wikipedia.org/wiki/Locksley_(band)'),(327,'M83',52,'2001-02-00','http://en.wikipedia.org/wiki/M83_(band)'),(328,'MGMT',50,'2004-02-00','http://en.wikipedia.org/wiki/MGMT'),(329,'Neutral Milk Hotel',54,'1989-02-00','http://en.wikipedia.org/wiki/Neutral_Milk_Hotel'),(330,'Of Monsters and Men',33,'2010-02-00','http://en.wikipedia.org/wiki/Of_Monsters_and_Men'),(331,'One Direction',NULL,'2010-02-00','http://en.wikipedia.org/wiki/One_Direction'),(332,'Passion Pit',84,'2007-02-00','http://en.wikipedia.org/wiki/Passion_Pit'),(333,'The Raconteurs',NULL,'2005-00-00','http://en.wikipedia.org/wiki/Raconteurs'),(334,'Rebecca Black',NULL,'2010-00-00','http://en.wikipedia.org/wiki/Rebbeca_Black'),(335,'The Cribs',106,'2002-02-00','http://en.wikipedia.org/wiki/The_Cribs'),(336,'The Enemy',NULL,'2006-02-00','http://en.wikipedia.org/wiki/The_Enemy_(UK_band)'),(337,'The Films',NULL,'2007-02-00','http://en.wikipedia.org/wiki/The_Films_(band)'),(338,'The Flaming Lips',5,'1983-02-00','http://en.wikipedia.org/wiki/The_Flaming_Lips'),(339,'The Fratellis',57,'2005-02-00','http://en.wikipedia.org/wiki/The_Fratellis'),(340,'The Kills',NULL,'2000-02-00','http://en.wikipedia.org/wiki/The_Kills'),(341,'The Last Shadow Puppets',NULL,'2007-02-00','http://en.wikipedia.org/wiki/The_Last_Shadow_Puppets'),(342,'The Paddingtons',NULL,'2010-00-00','http://en.wikipedia.org/wiki/The_Paddingtons'),(343,'Pixies',NULL,'1986-00-00','http://en.wikipedia.org/wiki/The_Pixies'),(344,'The Royal Concept',NULL,'2010-00-00','http://en.wikipedia.org/wiki/The_Royal_Concept'),(345,'The Royalty',NULL,'2005-02-00','http://en.wikipedia.org/wiki/The_Royalty'),(346,'The Soft Pack',35,'2007-02-00','http://en.wikipedia.org/wiki/The_Soft_Pack'),(347,'The Vaccines',NULL,'2010-02-00','http://en.wikipedia.org/wiki/The_Vaccines'),(348,'The View',76,'2005-02-00','http://en.wikipedia.org/wiki/The_View_(band)'),(349,'The Virgins',NULL,'2005-02-00','http://en.wikipedia.org/wiki/The_Virgins'),(350,'The Libertines',NULL,'1997-00-00','http://en.wikipedia.org/wiki/The_libertines'),(351,'Weezer',11,'1992-02-00','http://en.wikipedia.org/wiki/Weezer'),(352,'White Lies',79,'2007-02-00','http://en.wikipedia.org/wiki/White_Lies_(band)'),(353,'The White Stripes',NULL,'1997-00-00','http://en.wikipedia.org/wiki/White_Stripes'),(354,'The Fratellis',NULL,'2005-00-00','http://en.wikipedia.org/wiki/Fratellis'),(355,'Macklemore',NULL,'1999-02-00','http://en.wikipedia.org/wiki/Macklemore'),(356,'Men at Work',19,'1979-02-00','http://en.wikipedia.org/wiki/Men_at_Work'),(357,'Charlie Parker',NULL,'1937-02-00','http://en.wikipedia.org/wiki/Charlie_Parker'),(358,'Chet Baker',NULL,'1949-02-00','http://en.wikipedia.org/wiki/Chet_Baker'),(359,'Dave Matthews Band',NULL,'1991-00-00','http://en.wikipedia.org/wiki/David_Matthews_Band'),(360,'John Coltrane',NULL,'1946-02-00','http://en.wikipedia.org/wiki/John_Coltrane'),(361,'Johnny Cash',NULL,'1954-02-00','http://en.wikipedia.org/wiki/Johnny_Cash'),(362,'Ray Charles',90,'1947-02-00','http://en.wikipedia.org/wiki/Ray_Charles'),(363,'Simon & Garfunkel',NULL,'1957-00-00','http://en.wikipedia.org/wiki/Simon_and_Garfunkel'),(364,'The Animals',NULL,'1963-02-00','http://en.wikipedia.org/wiki/The_Animals'),(365,'The Cure',NULL,'1976-02-00','http://en.wikipedia.org/wiki/The_Cure'),(366,'The Mamas & the Papas',NULL,'1965-00-00','http://en.wikipedia.org/wiki/The_Mamas_%26_the_Papas'),(367,'Snow Patrol',NULL,'1994-00-00','http://en.wikipedia.org/wiki/Snow_patrol'),(368,'System of a Down',NULL,'1994-00-00','http://en.wikipedia.org/wiki/System_of_Down'),(369,'AC/DC',NULL,'1973-00-00','http://en.wikipedia.org/wiki/AC_DC'),(370,'Led Zeppelin',NULL,'1968-00-00','http://en.wikipedia.org/wiki/Led_Zepellin'),(371,'Megadeth',NULL,'1983-00-00','http://en.wikipedia.org/wiki/Mega_deth'),(372,'Avenged Sevenfold',NULL,'1999-02-00','http://en.wikipedia.org/wiki/Avenged_Sevenfold'),(373,'Guns N\' Roses',NULL,'1985-02-00','http://en.wikipedia.org/wiki/Guns_N\'_Roses'),(374,'Rammstein',NULL,'1994-02-00','http://en.wikipedia.org/wiki/Rammstein'),(375,'Scorpions',39,'1965-02-00','http://en.wikipedia.org/wiki/Scorpions_(band)');
/*!40000 ALTER TABLE `MusicalArtist` ENABLE KEYS */;
UNLOCK TABLES;

--
-- Table structure for table `MusicalGenre`
--

DROP TABLE IF EXISTS `MusicalGenre`;
/*!40101 SET @saved_cs_client     = @@character_set_client */;
/*!40101 SET character_set_client = utf8 */;
CREATE TABLE `MusicalGenre` (
  `id` int(11) NOT NULL auto_increment,
  `genre_name` varchar(40) NOT NULL,
  `wiki_address` varchar(200) default NULL,
  PRIMARY KEY  (`id`),
  UNIQUE KEY `wiki_address` (`wiki_address`)
) ENGINE=MyISAM AUTO_INCREMENT=259 DEFAULT CHARSET=latin1;
/*!40101 SET character_set_client = @saved_cs_client */;

--
-- Dumping data for table `MusicalGenre`
--

LOCK TABLES `MusicalGenre` WRITE;
/*!40000 ALTER TABLE `MusicalGenre` DISABLE KEYS */;
INSERT INTO `MusicalGenre` VALUES (1,'Trance','http://en.wikipedia.org/wiki/Trance_music'),(2,'House','http://en.wikipedia.org/wiki/House_music'),(3,'Alternative rock','http://en.wikipedia.org/wiki/Alternative_rock'),(4,'Synthpop','http://en.wikipedia.org/wiki/Synthpop'),(5,'dance','http://en.wikipedia.org/wiki/Dance_music'),(6,'electronic rock','http://en.wikipedia.org/wiki/Electronic_rock'),(7,'crunkcore','http://en.wikipedia.org/wiki/Crunkcore'),(8,'Dubstep','http://en.wikipedia.org/wiki/Dubstep'),(9,'Hip hop','http://en.wikipedia.org/wiki/Hip_hop_music'),(10,'New wave','http://en.wikipedia.org/wiki/New_wave_music'),(11,'Pop','http://en.wikipedia.org/wiki/Pop_music'),(12,'Europop','http://en.wikipedia.org/wiki/Europop'),(13,'disco','http://en.wikipedia.org/wiki/Disco_music'),(14,'Eurodisco','http://en.wikipedia.org/wiki/Eurodisco'),(15,'progressive trance','http://en.wikipedia.org/wiki/Progressive_trance'),(16,'Hard rock','http://en.wikipedia.org/wiki/Hard_rock'),(17,'blues rock','http://en.wikipedia.org/wiki/Blues_rock'),(18,'rock and roll','http://en.wikipedia.org/wiki/Rock_and_roll'),(19,'Pop rock','http://en.wikipedia.org/wiki/Pop_rock'),(20,'progressive rock','http://en.wikipedia.org/wiki/Progressive_rock'),(21,'jazz rock','http://en.wikipedia.org/wiki/Jazz_rock'),(22,'heavy metal','http://en.wikipedia.org/wiki/Heavy_metal_music'),(23,'punk rock','http://en.wikipedia.org/wiki/Punk_rock'),(24,'hardcore punk','http://en.wikipedia.org/wiki/Hardcore_punk'),(25,'post-hardcore','http://en.wikipedia.org/wiki/Post-hardcore'),(26,'post-grunge','http://en.wikipedia.org/wiki/Post-grunge'),(27,'electronica','http://en.wikipedia.org/wiki/Electronica'),(28,'Indie rock','http://en.wikipedia.org/wiki/Indie_rock'),(29,'garage rock','http://en.wikipedia.org/wiki/Garage_rock'),(30,'post-punk revival','http://en.wikipedia.org/wiki/Post-punk_revival'),(31,'uplifting trance','http://en.wikipedia.org/wiki/Uplifting_trance'),(32,'Alternative metal','http://en.wikipedia.org/wiki/Alternative_metal'),(33,'grunge','http://en.wikipedia.org/wiki/Grunge'),(34,'Experimental rock','http://en.wikipedia.org/wiki/Experimental_rock'),(35,'electronic','http://en.wikipedia.org/wiki/Electronic_music'),(36,'art rock','http://en.wikipedia.org/wiki/Art_rock'),(37,'Trance','http://en.wikipedia.org/wiki/Trance_(music)'),(38,'Progressive','http://en.wikipedia.org/wiki/Progressive_electronic_music#Progressive_trance'),(39,'Power metal','http://en.wikipedia.org/wiki/Power_metal'),(40,'progressive metal','http://en.wikipedia.org/wiki/Progressive_metal'),(41,'neoclassical metal','http://en.wikipedia.org/wiki/Neoclassical_metal'),(42,'folk metal','http://en.wikipedia.org/wiki/Folk_metal'),(43,'baroque rock','http://en.wikipedia.org/wiki/Baroque_rock'),(44,'psychedelic rock','http://en.wikipedia.org/wiki/Psychedelic_rock'),(45,'progressive house','http://en.wikipedia.org/wiki/Progressive_house'),(46,'tech trance','http://en.wikipedia.org/wiki/Tech_trance'),(47,'funk rock','http://en.wikipedia.org/wiki/Funk_rock'),(48,'symphonic metal','http://en.wikipedia.org/wiki/Symphonic_metal'),(49,'EDM','http://en.wikipedia.org/wiki/Electronic_Dance_Music'),(50,'Electro House','http://en.wikipedia.org/wiki/Electro_House'),(51,'Pop punk','http://en.wikipedia.org/wiki/Pop_punk'),(52,'K-pop','http://en.wikipedia.org/wiki/K-pop'),(53,'dance-pop','http://en.wikipedia.org/wiki/Dance-pop'),(54,'bubblegum pop','http://en.wikipedia.org/wiki/Bubblegum_pop'),(55,'R&B','http://en.wikipedia.org/wiki/Contemporary_R%26B'),(56,'adult contemporary','http://en.wikipedia.org/wiki/Adult_contemporary'),(57,'reggae','http://en.wikipedia.org/wiki/Reggae'),(58,'funk metal','http://en.wikipedia.org/wiki/Funk_metal'),(59,'dub','http://en.wikipedia.org/wiki/Dub_music'),(60,'Calypso','http://en.wikipedia.org/wiki/Calypso_music'),(61,'brega','http://en.wikipedia.org/wiki/Brega'),(62,'carimbo','http://en.wikipedia.org/wiki/Carimbo'),(63,'lambada','http://en.wikipedia.org/wiki/Lambada'),(64,'cumbia','http://en.wikipedia.org/wiki/Cumbia'),(65,'gospel','http://en.wikipedia.org/wiki/Gospel_music'),(66,'Rock','http://en.wikipedia.org/wiki/Rock_music'),(67,'lo-fi','http://en.wikipedia.org/wiki/Lo-fi_music'),(68,'surf pop','http://en.wikipedia.org/wiki/Surf_pop'),(69,'experimental','http://en.wikipedia.org/wiki/Experimental'),(70,'jazz','http://en.wikipedia.org/wiki/Jazz'),(71,'avant-garde','http://en.wikipedia.org/wiki/Avant-garde'),(72,'ambient','http://en.wikipedia.org/wiki/Ambient_music'),(73,'classical','http://en.wikipedia.org/wiki/Classical'),(74,'industrial','http://en.wikipedia.org/wiki/Industrial_music'),(75,'folk','http://en.wikipedia.org/wiki/Folk'),(76,'post-punk','http://en.wikipedia.org/wiki/Post-punk'),(77,'Stoner rock','http://en.wikipedia.org/wiki/Stoner_rock'),(78,'sludge metal','http://en.wikipedia.org/wiki/Sludge_metal'),(79,'groove metal','http://en.wikipedia.org/wiki/Groove_metal'),(80,'speed metal','http://en.wikipedia.org/wiki/Speed_metal'),(81,'skate punk','http://en.wikipedia.org/wiki/Skate_punk'),(82,'folk','http://en.wikipedia.org/wiki/American_folk_music'),(83,'blues','http://en.wikipedia.org/wiki/Blues'),(84,'country','http://en.wikipedia.org/wiki/Country_music'),(85,'ska','http://en.wikipedia.org/wiki/Ska'),(86,'rocksteady','http://en.wikipedia.org/wiki/Rocksteady'),(87,'folk rock','http://en.wikipedia.org/wiki/Folk_rock'),(88,'acoustic','http://en.wikipedia.org/wiki/Acoustic_music'),(89,'Indie folk','http://en.wikipedia.org/wiki/Indie_folk'),(90,'baroque pop','http://en.wikipedia.org/wiki/Baroque_pop'),(91,'glam metal','http://en.wikipedia.org/wiki/Glam_metal'),(92,'French house','http://en.wikipedia.org/wiki/French_house'),(93,'disco house','http://en.wikipedia.org/wiki/Disco_house'),(94,'nu-disco','http://en.wikipedia.org/wiki/Nu-disco'),(95,'electro-funk','http://en.wikipedia.org/wiki/Electro-funk'),(96,'boogie','http://en.wikipedia.org/wiki/Boogie_(genre)'),(97,'MPB','http://en.wikipedia.org/wiki/M%C3%BAsica_Popular_Brasileira'),(98,'bossa nova','http://en.wikipedia.org/wiki/Bossa_nova'),(99,'soul','http://en.wikipedia.org/wiki/Soul_music'),(100,'punk blues','http://en.wikipedia.org/wiki/Punk_blues'),(101,'electroclash','http://en.wikipedia.org/wiki/Electroclash'),(102,'new rave','http://en.wikipedia.org/wiki/New_rave'),(103,'dance-punk','http://en.wikipedia.org/wiki/Dance-punk'),(104,'indietronica','http://en.wikipedia.org/wiki/Indietronica'),(105,'Brazilian rock','http://en.wikipedia.org/wiki/Brazilian_rock'),(106,'shoegaze','http://en.wikipedia.org/wiki/Shoegaze'),(107,'sadcore','http://en.wikipedia.org/wiki/Sadcore'),(108,'soft rock','http://en.wikipedia.org/wiki/Soft_rock'),(109,'electro','http://en.wikipedia.org/wiki/Electro_music'),(110,'nasheed','http://en.wikipedia.org/wiki/Nasheed'),(111,'hamd','http://en.wikipedia.org/wiki/Hamd'),(112,'rap rock','http://en.wikipedia.org/wiki/Rap_rock'),(113,'ska rock','http://en.wikipedia.org/wiki/Ska_punk'),(114,'reggae rock','http://en.wikipedia.org/wiki/Reggae_rock'),(115,'bebop','http://en.wikipedia.org/wiki/Bebop'),(116,'West Coast jazz','http://en.wikipedia.org/wiki/West_Coast_jazz'),(117,'samba','http://en.wikipedia.org/wiki/Samba'),(118,'Sertanejo','http://en.wikipedia.org/wiki/M%C3%BAsica_sertaneja'),(119,'Axé','http://en.wikipedia.org/wiki/Ax%C3%A9_music'),(120,'MPB','http://en.wikipedia.org/wiki/MPB'),(121,'post-Britpop','http://en.wikipedia.org/wiki/Post-Britpop'),(122,'experimental','http://en.wikipedia.org/wiki/Experimental_music'),(123,'witch house','http://en.wikipedia.org/wiki/Witch_house'),(124,'noise','http://en.wikipedia.org/wiki/Noise_music'),(125,'Indie pop','http://en.wikipedia.org/wiki/Indie_pop'),(126,'jam','http://en.wikipedia.org/wiki/Jam_band'),(127,'jazz fusion','http://en.wikipedia.org/wiki/Jazz_fusion'),(128,'bluegrass','http://en.wikipedia.org/wiki/Bluegrass_music'),(129,'Americana','http://en.wikipedia.org/wiki/Americana_(music)'),(130,'Folk music','http://en.wikipedia.org/wiki/Folk_music'),(131,'Symphonic rock','http://en.wikipedia.org/wiki/Symphonic_rock'),(132,'cello rock','http://en.wikipedia.org/wiki/Cello_rock'),(133,'Celtic','http://en.wikipedia.org/wiki/Celtic_music'),(134,'world','http://en.wikipedia.org/wiki/World_music'),(135,'New Age','http://en.wikipedia.org/wiki/New_Age_music'),(136,'Post-rock','http://en.wikipedia.org/wiki/Post-rock'),(137,'neo soul','http://en.wikipedia.org/wiki/Neo_soul'),(138,'hip house','http://en.wikipedia.org/wiki/Hip_house'),(139,'alternative dance','http://en.wikipedia.org/wiki/Alternative_dance'),(140,'neo-psychedelia','http://en.wikipedia.org/wiki/Neo-psychedelia'),(141,'dance-rock','http://en.wikipedia.org/wiki/Dance-rock'),(142,'garage rock revival','http://en.wikipedia.org/wiki/Garage_rock#Revivals'),(143,'doom metal','http://en.wikipedia.org/wiki/Doom_metal'),(144,'progressive trance','http://en.wikipedia.org/wiki/Progressive_electronic_dance_music'),(145,'nu metal','http://en.wikipedia.org/wiki/Nu_metal'),(146,'alternative hip hop','http://en.wikipedia.org/wiki/Alternative_hip_hop'),(147,'Latin pop','http://en.wikipedia.org/wiki/Latin_pop'),(148,'Film score','http://en.wikipedia.org/wiki/Film_score'),(149,'video game score','http://en.wikipedia.org/wiki/Video_game_music'),(150,'tech house','http://en.wikipedia.org/wiki/Tech_house'),(151,'big room house','http://en.wikipedia.org/wiki/Big_room_house'),(152,'Metalcore','http://en.wikipedia.org/wiki/Metalcore'),(153,'thrash metal','http://en.wikipedia.org/wiki/Thrash_metal'),(154,'rhythm and blues','http://en.wikipedia.org/wiki/Rhythm_and_blues'),(155,'Avant-garde jazz','http://en.wikipedia.org/wiki/Avant-garde_jazz'),(156,'hard bop','http://en.wikipedia.org/wiki/Hard_bop'),(157,'post-bop','http://en.wikipedia.org/wiki/Post-bop'),(158,'modal jazz','http://en.wikipedia.org/wiki/Modal_jazz'),(159,'free jazz','http://en.wikipedia.org/wiki/Free_jazz'),(160,'contemporary classical music','http://en.wikipedia.org/wiki/Contemporary_classical_music'),(161,'post-romanticism','http://en.wikipedia.org/wiki/Romanticism'),(162,'power pop','http://en.wikipedia.org/wiki/Power_pop'),(163,'teen pop','http://en.wikipedia.org/wiki/Teen_pop'),(164,'post-disco','http://en.wikipedia.org/wiki/Post-disco'),(165,'space rock','http://en.wikipedia.org/wiki/Space_rock'),(166,'rock','http://en.wikipedia.org/wiki/Rock_(music)'),(167,'Death metal','http://en.wikipedia.org/wiki/Death_metal'),(168,'skacore','http://en.wikipedia.org/wiki/Skacore'),(169,'funk','http://en.wikipedia.org/wiki/Funk_music'),(170,'Southern rock','http://en.wikipedia.org/wiki/Southern_rock'),(171,'boogie rock','http://en.wikipedia.org/wiki/Boogie_rock'),(172,'country rock','http://en.wikipedia.org/wiki/Country_rock'),(173,'roots rock','http://en.wikipedia.org/wiki/Roots_rock'),(174,'shoegaze','http://en.wikipedia.org/wiki/Shoegazing'),(175,'Comedy rock','http://en.wikipedia.org/wiki/Comedy_rock'),(176,'cowpunk','http://en.wikipedia.org/wiki/Cowpunk'),(177,'psychobilly','http://en.wikipedia.org/wiki/Psychobilly'),(178,'funk','http://en.wikipedia.org/wiki/Funk'),(179,'funk ostentação','http://en.wikipedia.org/wiki/Funk_ostenta%C3%A7%C3%A3o'),(180,'rap','http://en.wikipedia.org/wiki/Rapping'),(181,'cool jazz','http://en.wikipedia.org/wiki/Cool_jazz'),(182,'jazz-rock','http://en.wikipedia.org/wiki/Jazz-rock'),(183,'third stream','http://en.wikipedia.org/wiki/Third_stream'),(184,'jazz-funk','http://en.wikipedia.org/wiki/Jazz-funk'),(185,'jazz rap','http://en.wikipedia.org/wiki/Jazz_rap'),(186,'downtempo','http://en.wikipedia.org/wiki/Downtempo'),(187,'techno','http://en.wikipedia.org/wiki/Techno'),(188,'new prog','http://en.wikipedia.org/wiki/New_prog'),(189,'psychedelic folk','http://en.wikipedia.org/wiki/Psychedelic_folk'),(190,'gothic rock','http://en.wikipedia.org/wiki/Gothic_rock'),(191,'musical style','http://en.wikipedia.org#Musical_style'),(192,'Industrial rock','http://en.wikipedia.org/wiki/Industrial_rock'),(193,'industrial metal','http://en.wikipedia.org/wiki/Industrial_metal'),(194,'dark ambient','http://en.wikipedia.org/wiki/Dark_ambient'),(195,'Britpop','http://en.wikipedia.org/wiki/Britpop'),(196,'Vocal trance','http://en.wikipedia.org/wiki/Vocal_trance'),(197,'IDM','http://en.wikipedia.org/wiki/Intelligent_dance_music'),(198,'Christian rock','http://en.wikipedia.org/wiki/Christian_rock'),(199,'Christian metal','http://en.wikipedia.org/wiki/Christian_metal'),(200,'noise rock','http://en.wikipedia.org/wiki/Noise_rock'),(201,'jrock','http://en.wikipedia.org/wiki/Music_of_Japan#Rock'),(202,'Reggae fusion','http://en.wikipedia.org/wiki/Reggae_fusion'),(203,'samba rock','http://en.wikipedia.org/wiki/Samba_rock'),(204,'hip hop','http://en.wikipedia.org/wiki/Hip_hop'),(205,'emo pop','http://en.wikipedia.org/wiki/Emo_pop'),(206,'southern metal','http://en.wikipedia.org/wiki/Southern_metal'),(207,'emo','http://en.wikipedia.org/wiki/Emo'),(208,'classical','http://en.wikipedia.org/wiki/Classical_music'),(209,'mathcore','http://en.wikipedia.org/wiki/Mathcore'),(210,'Rap metal','http://en.wikipedia.org/wiki/Rap_metal'),(211,'Neue Deutsche Härte','http://en.wikipedia.org/wiki/Neue_Deutsche_H%C3%A4rte'),(212,'acid rock','http://en.wikipedia.org/wiki/Acid_rock'),(213,'rockabilly','http://en.wikipedia.org/wiki/Rockabilly'),(214,'baião','http://en.wikipedia.org/wiki/Bai%C3%A3o_(music)'),(215,'forró','http://en.wikipedia.org/wiki/Forr%C3%B3'),(216,'Jump blues','http://en.wikipedia.org/wiki/Jump_blues'),(217,'piano blues','http://en.wikipedia.org/wiki/Piano_blues'),(218,'soul blues','http://en.wikipedia.org/wiki/Soul_blues'),(219,'vocal jazz','http://en.wikipedia.org/wiki/Vocal_jazz'),(220,'traditional pop','http://en.wikipedia.org/wiki/Traditional_pop'),(221,'AOR','http://en.wikipedia.org/wiki/Album_Oriented_Rock'),(222,'Pagode','http://en.wikipedia.org/wiki/Pagode'),(223,'Samba canção','http://en.wikipedia.org/w/index.php?title=Samba_can%C3%A7%C3%A3o&action=edit&redlink=1'),(224,'Commom Samba','http://en.wikipedia.org/w/index.php?title=Commom_Samba&action=edit&redlink=1'),(225,'Samba-reggae','http://en.wikipedia.org/wiki/Samba-reggae'),(226,'screamo','http://en.wikipedia.org/wiki/Screamo'),(227,'worldbeat','http://en.wikipedia.org/wiki/Worldbeat'),(228,'Psy Trance','http://en.wikipedia.org/wiki/Psy_Trance'),(229,'neo-prog','http://en.wikipedia.org/wiki/Neo-prog'),(230,'Crossover thrash','http://en.wikipedia.org/wiki/Crossover_thrash'),(231,'melodic hardcore','http://en.wikipedia.org/wiki/Melodic_hardcore'),(232,'experimental metal','http://en.wikipedia.org/wiki/Experimental_metal'),(233,'chill out','http://en.wikipedia.org/wiki/Chill_out_music'),(234,'psychedelic pop','http://en.wikipedia.org/wiki/Psychedelic_pop'),(235,'British blues','http://en.wikipedia.org/wiki/British_blues'),(236,'dark wave','http://en.wikipedia.org/wiki/Dark_wave'),(237,'dream pop','http://en.wikipedia.org/wiki/Dream_pop'),(238,'noise pop','http://en.wikipedia.org/wiki/Noise_pop'),(239,'dance rock','http://en.wikipedia.org/wiki/Dance_rock'),(240,'heartland rock','http://en.wikipedia.org/wiki/Heartland_rock'),(241,'garage punk','http://en.wikipedia.org/wiki/Garage_punk'),(242,'art punk','http://en.wikipedia.org/wiki/Art_punk'),(243,'blues punk','http://en.wikipedia.org/wiki/Blues_punk'),(244,'mod revival','http://en.wikipedia.org/wiki/Mod_revival'),(245,'garage rock revival','http://en.wikipedia.org/wiki/Garage_rock_revival'),(246,'sunshine pop','http://en.wikipedia.org/wiki/Sunshine_pop'),(247,'power-pop','http://en.wikipedia.org/wiki/Power-pop'),(248,'Disco','http://en.wikipedia.org/wiki/Disco'),(249,'celtic rock','http://en.wikipedia.org/wiki/Celtic_rock'),(250,'Latin jazz','http://en.wikipedia.org/wiki/Latin_jazz'),(251,'MPB','http://en.wikipedia.org/wiki/MPB_(M%C3%BAsica_Popular_Brasileira)'),(252,'avant-garde','http://en.wikipedia.org/wiki/Avant-garde_music'),(253,'Celtic metal','http://en.wikipedia.org/wiki/Celtic_metal'),(254,'shock rock','http://en.wikipedia.org/wiki/Shock_rock'),(255,'Trance','http://en.wikipedia.org/wiki/Trance'),(256,'Afrobeat','http://en.wikipedia.org/wiki/Afrobeat'),(257,'complextro','http://en.wikipedia.org/wiki/Complextro'),(258,'Texas blues','http://en.wikipedia.org/wiki/Texas_blues');
/*!40000 ALTER TABLE `MusicalGenre` ENABLE KEYS */;
UNLOCK TABLES;

--
-- Table structure for table `Musician`
--

DROP TABLE IF EXISTS `Musician`;
/*!40101 SET @saved_cs_client     = @@character_set_client */;
/*!40101 SET character_set_client = utf8 */;
CREATE TABLE `Musician` (
  `id` int(11) NOT NULL auto_increment,
  `real_name` varchar(40) NOT NULL,
  `style_id` varchar(40) default NULL,
  `birth_date` date default NULL,
  PRIMARY KEY  (`id`)
) ENGINE=MyISAM DEFAULT CHARSET=latin1;
/*!40101 SET character_set_client = @saved_cs_client */;

--
-- Dumping data for table `Musician`
--

LOCK TABLES `Musician` WRITE;
/*!40000 ALTER TABLE `Musician` DISABLE KEYS */;
/*!40000 ALTER TABLE `Musician` ENABLE KEYS */;
UNLOCK TABLES;

--
-- Table structure for table `Person`
--

DROP TABLE IF EXISTS `Person`;
/*!40101 SET @saved_cs_client     = @@character_set_client */;
/*!40101 SET character_set_client = utf8 */;
CREATE TABLE `Person` (
  `id` int(11) NOT NULL auto_increment,
  `login` varchar(20) NOT NULL,
  `name` varchar(40) default NULL,
  `hometown` varchar(40) default NULL,
  PRIMARY KEY  (`id`),
  UNIQUE KEY `login` (`login`)
) ENGINE=MyISAM AUTO_INCREMENT=52 DEFAULT CHARSET=latin1;
/*!40101 SET character_set_client = @saved_cs_client */;

--
-- Dumping data for table `Person`
--

LOCK TABLES `Person` WRITE;
/*!40000 ALTER TABLE `Person` DISABLE KEYS */;
INSERT INTO `Person` VALUES (1,'eduardapodesta','eduarda viana podesta',''),(2,'ivancerboncini','ivan de campos cerboncini',''),(3,'felipehiga','felipe kenji higa',''),(4,'fernandothiers','fernando barbosa thiers',''),(5,'erikaalbizzati','erika couto albizzati',''),(6,'thiagobalbo','thiago duarte balbo',''),(7,'danielferreira','daniel breves ferreira',''),(8,'ramonmaciel','ramon carvalho maciel',''),(9,'tiagoferreira','tiago de lima ferreira',''),(10,'rafaelxavier','rafael xavier',''),(11,'nicholasmizoguchi','nicholas matuzita mizoguchi',''),(12,'tuliosilva','tulio bazan da silva',''),(13,'leonnardorabello','leonnardo chagas rabello',''),(14,'lukaslopes','lukas antunes lopes',''),(15,'rafaelgarcia','rafael matheus garcia',''),(16,'joaodalben','joao henrique dalben',''),(17,'caioteixeira','caio teixeira',''),(18,'elisadellarriva','elisa dellarriva',''),(19,'fernandogoncalves','fernando henrique dos santos goncalves',''),(20,'luanbicesto','luan gustavo bicesto',''),(21,'lucianosabenca','luciano padua sabenca',''),(22,'pedroalmeida','pedro cordeiro de almeida',''),(23,'tomasqueiroga','tomas silva queiroga',''),(24,'fabiolira','fabio maffei lira',''),(25,'guilhermemendes','guilherme da rocha alves mendes',''),(26,'guilhermemazzariol','guilherme sbrolini mazzariol',''),(27,'raphaelfranco','raphael marques franco',''),(28,'willianszati','willians hidalgo zati',''),(29,'victortavares','victor guilherme oliveira semedo tavares',''),(30,'fernandohoyo','fernando luiz del hoyo','campinas'),(31,'lucasmello','lucas de campos mello',''),(32,'wilsonneto','wilson jose prata neto',''),(33,'andreiauratsuka','andreia yukie uratsuka',''),(34,'victorsilva','victor akira hassuda silva',''),(35,'leonardosilva','leonardo de oliveira silva',''),(36,'gabrielbezerra','gabriel massaki wakano bezerra',''),(37,'elvisrabello','elvis rabello',''),(38,'caiopalissari','caio vinicius uvini palissari',''),(39,'cibellebegalli','cibelle begalli',''),(40,'diegorocha','diego rocha',''),(41,'fellipecaetano','fellipe santiago scarpa caetano',''),(42,'gustavonunes','gustavo cesar nunes',''),(43,'juceliofonseca','jucelio evangelista fonseca',''),(44,'murilocruz','murilo de lima cruz',''),(45,'felipecaminada','felipe caminada',''),(46,'lucasbatista','lucas oliveira batista',''),(47,'andresantanche','andre santanche',''),(48,'luizgomes','Luiz Celso Gomes Jr',''),(49,'lucaslima','Lucas Domingues Lima','Campinas'),(50,'viniciussantos','Vinicius Pereira dos Santos','Campinas'),(51,'diegosanches','Diego Sanches','Campinas');
/*!40000 ALTER TABLE `Person` ENABLE KEYS */;
UNLOCK TABLES;

--
-- Table structure for table `PlaysIn`
--

DROP TABLE IF EXISTS `PlaysIn`;
/*!40101 SET @saved_cs_client     = @@character_set_client */;
/*!40101 SET character_set_client = utf8 */;
CREATE TABLE `PlaysIn` (
  `id` int(11) NOT NULL auto_increment,
  `musician_id` int(11) NOT NULL,
  `musical_artist_id` int(11) NOT NULL,
  PRIMARY KEY  (`id`),
  KEY `musician_id` (`musician_id`),
  KEY `musical_artist_id` (`musical_artist_id`)
) ENGINE=MyISAM DEFAULT CHARSET=latin1;
/*!40101 SET character_set_client = @saved_cs_client */;

--
-- Dumping data for table `PlaysIn`
--

LOCK TABLES `PlaysIn` WRITE;
/*!40000 ALTER TABLE `PlaysIn` DISABLE KEYS */;
/*!40000 ALTER TABLE `PlaysIn` ENABLE KEYS */;
UNLOCK TABLES;
/*!40103 SET TIME_ZONE=@OLD_TIME_ZONE */;

/*!40101 SET SQL_MODE=@OLD_SQL_MODE */;
/*!40014 SET FOREIGN_KEY_CHECKS=@OLD_FOREIGN_KEY_CHECKS */;
/*!40014 SET UNIQUE_CHECKS=@OLD_UNIQUE_CHECKS */;
/*!40101 SET CHARACTER_SET_CLIENT=@OLD_CHARACTER_SET_CLIENT */;
/*!40101 SET CHARACTER_SET_RESULTS=@OLD_CHARACTER_SET_RESULTS */;
/*!40101 SET COLLATION_CONNECTION=@OLD_COLLATION_CONNECTION */;
/*!40111 SET SQL_NOTES=@OLD_SQL_NOTES */;

-- Dump completed on 2014-05-30 22:27:57
